Actual,"('nu', 'Predicted (Decision Tree)')","('nu', 'Predicted (Random Forest)')","('su', 'Predicted (Decision Tree)')","('su', 'Predicted (Random Forest)')","('mu', 'Predicted (Decision Tree)')","('mu', 'Predicted (Random Forest)')"
77,33.0,43.495,37.0,44.54833333333333,36.0,49.765
79,16.0,43.5725,57.0,50.265,19.0,48.729
66,68.0,46.45,19.0,56.0425,62.0,48.674
78,47.0,41.45399999999999,57.0,43.77166666666666,34.0,42.95
65,20.0,44.6025,65.0,47.73,78.0,47.07
69,0.0,30.17,19.0,39.505,31.0,38.53
86,62.0,49.72,66.0,54.075,51.0,49.215
68,19.0,49.65333333333333,46.0,53.18916666666666,46.0,50.03
75,68.0,51.8402380952381,78.0,52.6525,72.0,52.02
77,0.0,36.43666666666667,9.0,39.14,32.0,38.676
1,68.0,46.45333333333334,71.0,49.93,50.0,49.57
56,30.0,28.735,0.0,33.84,60.0,38.156666666666666
55,71.0,45.785,29.0,45.005333333333326,40.0,45.855
62,0.0,33.13,46.0,35.47,36.0,41.473333333333336
61,31.0,47.27,70.0,46.26,66.0,49.02
53,38.0,46.313,69.0,45.9165,54.0,50.50707142857143
64,45.0,46.18,69.0,41.83,69.0,47.44083333333334
73,44.0,27.96333333333333,24.0,33.68,61.0,43.096000000000004
64,0.0,28.29,61.0,44.33,1.0,41.62666666666667
82,73.0,42.09,1.0,46.964,1.0,45.91
83,3.0,36.96,28.0,38.19,23.0,40.63
65,64.0,44.596666666666664,77.0,53.7675,46.0,49.4
62,17.0,44.265,44.0,49.02,43.0,48.86
54,22.0,35.33208333333334,54.0,39.06,39.0,40.79
54,15.0,32.5405,58.0,32.935,34.0,34.82
72,0.0,32.43,29.0,34.26,26.0,37.67666666666667
69,61.0,42.43,30.0,45.83,63.0,49.175
53,33.0,34.33,35.0,36.15,0.0,31.66
54,0.0,33.755,0.0,37.55,1.0,41.21
47,16.0,37.87,26.0,43.17,40.0,38.02
71,3.0,19.22,70.0,22.38,22.0,24.35
49,0.0,35.9,66.0,44.57,6.0,46.9
58,8.0,20.87,4.0,20.57333333333333,4.0,21.38
52,60.0,43.15,45.0,43.81,49.0,41.96
58,19.0,41.371,38.0,44.9,0.0,39.24
59,18.0,34.834,32.0,36.49,30.0,36.63
55,34.0,32.72,52.0,41.85,43.0,43.24190476190476
69,21.0,37.17,0.0,47.035,63.0,41.85666666666666
61,39.0,39.965,42.0,46.44,76.0,50.8
55,71.0,41.60857142857143,61.0,46.431999999999995,39.0,49.88
54,24.0,30.95,45.0,43.87,34.0,48.06
66,48.0,37.44,65.0,45.79,65.0,49.24
36,87.0,44.345,22.0,48.19,65.0,44.83
79,41.0,36.766666666666666,16.0,36.925,16.0,47.64666666666666
49,3.0,32.07,41.0,37.02,3.0,35.89
68,54.0,37.50866666666667,8.0,41.237142857142864,47.0,43.45
43,60.0,40.152,74.0,46.78,44.0,50.065
59,37.0,42.81416666666667,1.0,43.0445,62.0,41.105
64,4.0,48.46333333333333,34.0,46.51733333333333,45.0,49.82
52,34.0,31.16,64.0,37.83,60.0,42.06
47,12.0,58.40125,82.0,56.07857142857143,87.0,56.77
60,45.0,37.79,19.0,47.51666666666666,54.0,49.675
55,0.0,38.625,39.0,43.46033333333333,50.0,45.61
60,50.0,51.03133333333333,35.0,54.38833333333333,80.0,55.26
59,0.0,33.897,62.0,40.86,73.0,37.16
59,59.0,30.4525,14.0,37.43385714285714,52.0,38.634
65,68.0,40.885,43.0,44.67,30.0,42.34666666666667
63,42.0,42.519,39.0,45.04,42.0,47.55833333333333
65,46.0,37.825,53.0,37.728,19.0,42.01
0,0.0,34.07,37.0,44.44,54.0,43.15
58,0.0,42.602666666666664,66.0,54.27,70.0,48.73533333333333
52,51.0,38.54,26.0,44.30666666666666,5.0,50.03785714285715
0,75.0,48.39,53.0,45.7625,1.0,48.12
60,0.0,40.835,54.0,49.78866666666667,67.0,51.392380952380954
61,55.0,53.07,55.0,54.44333333333333,49.0,57.24333333333334
58,46.0,35.09,51.0,40.218333333333334,33.0,42.135714285714286
78,4.0,52.36,45.0,52.37458333333334,37.0,54.89916666666666
55,36.0,35.24,4.0,52.04,32.0,49.675
70,51.0,31.114,35.0,40.81,9.0,40.52166666666667
66,67.0,48.8175,56.0,54.944,43.0,57.49
55,44.0,33.7,30.0,35.01,36.0,39.4275
55,37.0,35.26,0.0,37.42,39.0,40.59
58,23.0,35.625,27.0,35.41,32.0,39.745
59,0.0,34.25,28.0,40.169000000000004,74.0,43.229
56,24.0,31.05,24.0,38.27,23.0,39.02
70,44.0,46.17,50.0,46.36,61.0,52.36
64,0.0,39.52,36.0,42.312,70.0,46.715714285714284
78,1.0,24.02333333333333,37.0,40.76,53.0,39.72
52,81.0,53.00125,57.0,54.64833333333333,67.0,56.581940476190475
57,62.0,48.9575,58.0,47.743,44.0,51.94
49,46.0,34.47666666666667,39.0,37.7625,59.0,40.71
57,23.0,28.66,42.0,42.87,38.0,40.81
54,56.0,31.916666666666664,72.0,36.69,61.0,39.6
68,28.0,43.84,43.0,50.273999999999994,51.0,53.0
62,54.0,37.76,33.0,42.596666666666664,33.0,45.21
65,61.0,58.784,74.0,54.345,61.0,59.82
60,8.0,35.434,61.0,45.63,65.0,45.545
54,56.0,33.12833333333333,56.0,35.2,64.0,44.73
56,16.0,28.60666666666667,8.0,25.46,15.0,33.92333333333333
54,25.0,34.29333333333334,26.0,39.84,48.0,39.34
60,45.0,32.72,21.0,40.595,16.0,40.61
70,76.0,51.39,76.0,55.16333333333333,61.0,55.64666666666667
64,62.0,39.3,37.0,42.16,33.0,46.43333333333333
68,15.0,24.476,60.0,36.05,27.0,37.75
65,30.0,35.68,28.0,42.1,45.0,45.87
71,67.0,47.022,67.0,53.77857142857143,10.0,53.01266666666666
64,40.0,35.65,53.0,41.16,54.0,44.88333333333334
69,59.0,37.08,24.0,41.52,40.0,43.67
65,47.0,38.52,12.0,41.13,73.0,42.69
68,0.0,39.55,53.0,39.37,49.0,43.73
76,18.0,43.2345,36.0,54.75896825396826,70.0,53.474452380952386
70,67.0,41.46,37.0,38.014,41.0,36.66
83,0.0,37.57,49.0,39.79,62.0,40.50904761904762
73,71.0,39.945,49.0,47.50333333333333,9.0,45.27
68,48.0,50.93458333333333,52.0,56.2,30.0,54.093333333333334
1,44.0,45.475,51.0,45.94433333333333,33.0,49.35625
74,25.0,42.06,71.0,51.19,35.0,47.37
78,74.0,30.49,57.0,33.19583333333333,45.0,41.77066666666666
77,74.0,40.065,56.0,39.13,26.0,38.49
62,70.0,41.55,40.0,42.14857142857143,9.0,44.67833333333333
71,0.0,35.538000000000004,40.0,44.604000000000006,46.0,49.66066666666668
69,71.0,37.034,61.0,38.10166666666667,13.0,37.5475
62,57.0,28.71166666666667,19.0,34.72666666666667,19.0,31.524
57,27.0,33.37,21.0,33.02,41.0,36.39
76,70.0,61.087999999999994,70.0,59.92,67.0,62.8491282051282
53,57.0,39.14,13.0,36.03,61.0,41.825
73,1.0,35.42,35.0,33.065,57.0,35.39
65,0.0,37.71,57.0,37.9,34.0,38.99
54,42.0,34.39,60.0,40.39833333333333,57.0,39.84
54,59.0,38.86,37.0,44.48,55.0,43.81428571428572
57,76.0,41.5925,76.0,50.22216666666667,44.0,43.06660714285714
63,0.0,41.98,12.0,45.10416666666666,68.0,46.83466666666667
43,65.0,35.54,51.0,46.25583333333333,62.0,50.39
71,63.0,45.63,3.0,52.96166666666666,24.0,49.822404761904764
64,11.0,45.180142857142854,71.0,50.05845238095239,54.0,54.51761904761904
73,71.0,49.4225,60.0,54.41,76.0,51.69
0,61.0,39.422,27.0,50.55,71.0,46.7
50,64.0,45.275,68.0,47.345,64.0,46.115
78,46.0,44.004,25.0,41.03,58.0,45.74
76,58.0,33.23,39.0,34.68,3.0,34.33
82,51.0,37.2,57.0,41.16,42.0,47.15
50,4.0,25.9,21.0,28.26,23.0,32.56
42,6.0,58.66,63.0,57.24,54.0,54.5
73,40.0,37.30714285714286,2.0,44.14333333333334,51.0,43.73166666666666
57,45.0,31.655,63.0,38.82,54.0,37.57
69,0.0,32.76,58.0,41.09,51.0,41.13
57,14.0,43.67,68.0,48.4325,46.0,49.34
68,0.0,36.66,57.0,41.18,10.0,35.81
52,44.0,30.117333333333335,23.0,32.71366666666666,13.0,36.372
60,54.0,43.87,82.0,52.68,48.0,53.98
50,36.333333333333336,27.99333333333333,35.0,38.31933333333333,58.0,36.21666666666667
74,0.0,36.8,45.0,35.41,26.0,38.76
57,31.0,46.34,32.0,45.84,33.0,47.685952380952386
48,61.0,42.77,54.0,50.02,49.0,51.24
61,42.0,33.015,62.0,39.91,49.0,40.44
67,54.0,28.61,62.0,37.56066666666666,78.0,43.149499999999996
65,36.0,44.88,36.0,45.54,67.0,44.88
55,37.0,33.97,49.0,38.395,1.0,42.49
63,55.0,40.96,23.0,40.92166666666667,67.0,45.40666666666666
47,56.0,31.94333333333333,52.0,35.57,31.0,33.69
54,7.0,31.239428571428576,51.0,39.09983333333333,38.0,46.192
75,0.0,33.415,56.0,39.387142857142855,56.0,49.73
57,58.0,30.896,47.0,35.79,30.0,41.32
68,0.0,41.63,17.0,41.085,17.0,44.81
26,44.0,44.15666666666666,65.0,45.81066666666666,62.0,42.91583333333334
53,44.0,40.03,45.5,44.23,64.0,40.75
58,70.0,45.92,59.0,47.92333333333333,47.0,50.02
58,75.0,47.948571428571434,67.0,46.915,75.0,50.05
67,55.0,44.12857142857143,75.0,44.37214285714286,69.0,48.18333333333333
68,8.0,41.13,50.0,44.54,56.0,47.5
63,72.0,30.055,19.0,38.32,12.0,34.28
60,0.0,40.835,54.0,49.78866666666667,67.0,51.392380952380954
1,38.0,37.656666666666666,58.0,40.4051282051282,58.0,40.75
61,24.0,35.91333333333333,65.0,44.235,8.0,45.015
46,41.0,46.55,39.0,46.64,28.0,43.88
56,86.0,56.92583333333333,45.0,54.24547619047619,57.0,62.27857142857143
60,31.0,40.6475,28.0,42.175,71.0,46.04833333333333
69,85.0,34.23,50.0,26.7,59.0,51.37
60,0.0,40.16,37.0,43.36,33.0,48.63
58,34.0,32.0975,23.0,33.665,56.0,38.885
64,51.0,34.93,45.0,33.77,56.0,39.49
53,58.0,33.8,31.0,41.31,44.0,42.86
56,43.0,35.02,45.0,39.935,31.0,38.59
68,17.0,31.78,60.0,35.06333333333333,46.0,34.87
46,77.0,41.55,41.0,49.995,43.0,47.0
0,23.0,34.6,45.0,36.906666666666666,55.0,36.91
65,34.0,46.902,34.0,44.15809523809523,2.0,51.89318181818182
66,59.0,50.97642857142857,6.0,49.73566666666667,50.0,48.140857142857136
64,0.0,41.506,51.0,49.02444444444444,46.0,44.215
65,61.0,58.784,74.0,54.345,61.0,59.82
54,54.0,37.9585,26.0,36.223333333333336,57.0,40.87
66,34.0,37.965,0.0,37.672,26.0,42.855
0,50.0,43.5575,52.0,47.335,35.0,47.75
51,29.0,33.93,35.0,31.33,23.0,43.59333333333334
48,51.0,41.28,38.0,42.95,73.0,46.29
0,39.0,42.99,70.0,43.80333333333333,42.666666666666664,47.305
54,4.0,34.448,55.0,33.056666666666665,14.0,35.09
60,45.0,32.72,21.0,40.595,16.0,40.61
75,36.0,35.26566666666667,61.0,43.34,33.0,40.045
59,2.0,46.17,76.0,46.71666666666666,60.0,57.375
68,59.0,35.3,39.0,33.74,36.0,37.38
63,2.0,30.1,5.0,38.46,69.0,40.36
69,46.0,52.82,68.0,46.765,46.0,50.724
56,50.0,37.0775,42.0,42.025,35.0,43.06
30,1.0,35.99,12.0,40.45311111111111,7.0,46.498999999999995
64,0.0,33.4,32.0,33.14125,53.0,33.39980952380952
56,16.0,42.19,31.0,39.13,41.0,38.65083333333334
65,29.0,44.9225,29.0,47.75666666666666,47.0,48.76
45,67.0,35.604,17.0,37.68,15.0,38.95
61,49.0,40.019666666666666,3.0,38.20666666666666,79.0,47.934
77,77.0,43.29875,81.0,44.07333333333333,44.0,48.55
87,88.0,47.83133333333333,74.0,51.557142857142864,65.0,53.0572380952381
78,74.0,46.53,27.0,52.8175,31.0,48.43
75,76.0,46.7125,43.0,48.64,2.0,43.7375
72,46.0,42.395,46.0,43.35,73.0,49.728
64,58.0,48.315,47.0,49.8,63.0,58.64
27,42.0,47.5025,63.0,47.24321428571429,31.0,48.18
58,15.0,45.10333333333334,45.0,45.12642857142857,67.0,50.99828571428572
68,37.0,36.85,49.0,42.53,31.0,42.16
85,16.0,49.5,83.0,49.8525,53.0,55.54
69,70.0,39.52,4.0,33.92,67.0,46.99
60,55.0,44.472,11.0,46.8,50.0,51.88833333333334
53,22.0,42.2,55.0,43.94,70.0,44.78
53,41.5,45.76266666666666,41.5,51.49166666666667,68.0,59.898999999999994
40,64.0,30.43,54.0,41.61,41.0,31.89
83,3.0,36.96,28.0,38.19,23.0,40.63
66,0.0,31.41,42.0,36.11066666666667,42.0,39.2475
0,56.0,50.34,43.0,54.2875,9.0,54.43
54,66.0,48.93714285714286,32.0,49.357000000000006,51.0,47.98833333333334
59,79.0,45.46533333333333,29.0,49.185,29.0,45.33333333333334
60,34.0,26.47,30.0,35.8,4.0,36.95
43,46.0,59.72,71.0,58.35,77.0,60.705
66,8.0,31.263333333333332,8.0,33.71,25.0,35.8675
61,81.0,55.776666666666664,44.0,57.08833333333334,68.0,61.77333333333334
46,0.0,32.56,59.0,38.5,52.0,44.318666666666665
49,2.0,39.67333333333333,31.0,42.4575,38.0,42.375
42,36.0,37.915666666666674,33.0,34.62,36.0,46.115
52,59.0,48.705,27.0,49.409444444444446,33.0,50.22
60,52.0,45.045,78.0,50.28333333333333,78.0,51.61
55,81.0,30.0825,0.0,39.205,9.0,44.78
59,2.0,42.8175,78.0,45.36,80.0,49.9175
47,1.0,33.85,18.0,44.99,61.0,40.48
58,55.0,48.0195,76.0,55.1,46.0,54.59869047619047
59,67.0,37.35133333333333,13.0,36.51416666666667,5.0,38.47416666666666
59,64.0,51.30333333333334,74.0,55.41,23.5,52.63666666666666
64,43.0,43.35,52.0,43.28,47.0,43.742
55,34.0,32.72,52.0,41.85,43.0,43.24190476190476
75,54.0,51.275,14.0,46.02,32.0,50.35
53,58.0,40.35371428571429,41.0,43.27,60.0,45.59
68,45.0,32.54,0.0,33.49,58.0,34.84
49,0.0,34.76951515151516,36.0,43.648492063492064,32.0,47.82
45,0.0,40.7275,49.0,43.43,31.0,50.74333333333334
48,77.0,21.83375,32.0,27.722142857142856,4.0,31.04
73,43.0,41.57,65.0,48.666000000000004,33.0,44.57
43,23.0,30.16833333333333,48.0,34.845,41.0,37.14666666666667
26,57.0,46.40866666666666,40.0,42.94833333333334,62.0,48.42
2,67.0,59.19,82.0,60.4,83.0,59.66333333333334
80,54.0,48.03,80.0,46.15142857142857,52.0,53.8175
58,13.0,30.47,46.0,41.4,56.0,42.38399999999999
59,57.0,42.5575,37.0,41.69,62.0,40.72
53,67.0,55.623999999999995,68.0,55.09733333333334,75.0,57.91515151515151
47,5.0,40.49,40.0,49.245,38.0,48.52
55,30.0,33.39,60.0,41.83,28.0,42.37
58,42.0,44.428000000000004,70.0,44.26,59.0,46.645
35,8.0,38.83,27.0,42.10833333333334,12.0,47.49125
63,45.0,40.24,52.0,41.505,69.0,42.42
45,53.0,41.09,57.0,42.59,79.0,45.38
24,68.0,39.954,71.0,46.99,67.0,55.762
55,18.0,46.96,86.0,48.53,66.0,48.48
62,32.0,35.70166666666667,34.0,40.99,15.0,37.17
62,45.0,39.305,22.0,43.41,32.0,44.47
32,37.0,27.2925,40.0,44.73,40.0,42.36583333333333
53,46.0,27.548333333333336,68.0,39.0,55.0,40.385
71,79.0,41.63666666666667,43.0,47.73,38.0,47.11
61,43.0,32.965,1.0,40.98333333333334,39.0,39.11571428571428
54,65.0,38.458,53.0,47.763000000000005,34.0,47.995
68,0.0,27.4975,59.0,49.12,69.0,50.21714285714285
52,67.0,44.25833333333334,17.0,39.28,44.0,45.51
56,77.0,42.843999999999994,1.0,49.065,79.0,51.5325
79,53.0,37.908928571428575,21.0,45.56,53.0,46.523999999999994
70,37.0,45.12766666666666,19.0,46.41844444444445,64.0,47.31
60,0.0,39.19,47.0,42.2,3.0,37.85666666666667
64,32.0,52.95857142857143,38.0,62.46,49.0,60.69666666666667
69,21.0,34.42666666666667,30.0,36.7425,40.0,40.23
73,49.0,41.3825,35.0,44.83,63.0,48.52142857142857
70,33.0,42.01,79.0,41.754285714285714,12.0,41.68
75,65.5,42.23,39.0,45.309,78.0,50.849500000000006
63,72.0,29.003333333333334,52.0,35.355,29.0,38.65
58,73.0,44.809,38.0,45.68,58.0,44.32833333333334
67,47.0,32.165,33.0,41.79600000000001,74.0,40.695
73,50.0,33.04,31.0,27.53,65.0,36.22
60,32.0,29.46,20.0,33.99,42.0,37.516666666666666
65,71.0,56.74,75.0,54.06333333333333,58.0,56.62
50,77.0,36.81,32.0,35.65,33.0,42.72
64,63.0,33.25,39.0,37.926,43.0,41.75
57,0.0,41.12,41.0,39.009,73.0,39.31
59,13.0,43.94666666666667,36.0,47.234047619047615,34.0,45.05666666666666
47,34.0,34.74966666666667,32.0,40.06,34.0,43.05
56,21.0,45.85,62.0,51.28825,25.0,52.5575
70,63.0,47.0225,57.0,43.37833333333334,75.0,45.46
60,0.0,30.99,29.0,42.27,20.0,47.4
40,55.0,38.26461538461538,77.0,42.66458333333333,1.0,35.64
40,35.0,35.748000000000005,50.0,34.33,46.0,35.0475
60,62.0,40.59,55.0,42.65666666666666,32.0,44.28166666666666
58,2.0,37.9,60.0,39.61,72.0,43.93333333333333
56,61.0,34.155,23.0,39.5125,15.0,40.124857142857145
64,40.0,34.64,66.0,34.42,48.0,38.97
72,73.0,61.435,74.0,53.53,65.0,54.71
51,45.0,31.73,38.0,38.76,41.0,44.46
60,0.0,26.24916666666667,23.0,37.473,36.0,39.3275
81,37.0,48.21,71.0,58.82142857142857,77.0,56.56
74,57.0,48.90440476190475,31.0,43.49333333333333,13.0,45.325
77,35.0,31.916999999999998,35.0,36.36,6.0,37.292
76,61.0,36.77333333333333,46.0,42.72466666666667,16.0,38.8365
50,21.0,33.916666666666664,40.0,43.13,76.0,48.64
68,75.0,42.530269841269835,77.0,51.12625,70.0,50.79511111111111
70,43.0,49.115,65.0,42.475,47.0,43.5
56,0.0,42.71,56.0,46.519,67.0,50.04714285714285
39,65.0,38.02,60.0,36.1,40.0,39.14
66,65.0,43.488,59.0,49.57,60.0,49.282833333333336
68,37.0,36.85,49.0,42.53,31.0,42.16
61,0.0,31.64,53.0,34.52,1.0,40.225
59,9.0,48.35857142857143,45.0,47.96666666666666,77.0,45.12571428571428
71,0.0,42.97,35.0,50.46,55.0,55.55
76,1.0,52.5175,74.0,43.93,7.0,48.39047619047619
69,49.0,39.26,6.0,46.185,29.0,38.06666666666666
72,34.0,44.16885714285714,33.0,49.94,65.0,50.244
70,22.0,38.50266666666666,2.0,36.888571428571424,6.0,39.0
79,63.0,39.304,59.0,39.3,46.0,44.92
57,74.0,41.46,65.0,42.57,53.0,47.94
59,0.0,42.54600000000001,40.0,44.93666666666667,61.0,44.66
72,1.0,41.76,30.5,39.65933333333333,44.0,42.55
47,0.0,37.31,68.0,40.34,81.0,42.96
62,47.0,34.47333333333333,26.0,39.443333333333335,26.0,44.19590909090909
73,40.0,38.342,5.0,35.29533333333333,42.0,40.36866666666667
36,3.0,33.915,26.0,36.895,10.0,43.76416666666666
59,78.0,36.46,36.0,36.31216666666667,49.0,39.1
57,24.0,33.6,32.0,37.67,65.0,38.4475
54,32.0,37.695,67.0,44.18,50.0,46.2
76,0.0,42.776666666666664,47.0,45.075,72.0,47.34166666666666
3,69.0,42.86,42.0,46.9725,68.0,50.97
54,54.0,37.29,28.0,40.88,44.5,40.435
63,63.0,35.936,42.0,38.16,73.0,42.41
47,72.0,42.08666666666666,14.0,47.13666666666667,44.0,46.46166666666666
61,7.0,47.354285714285716,79.0,51.63666666666667,45.0,53.64
68,54.0,40.83,2.0,37.114000000000004,29.0,42.1025
48,5.0,45.2325,65.0,43.866499999999995,2.0,49.65
50,41.0,42.478,57.0,47.36,52.0,50.24
72,0.0,36.98,65.0,39.702,2.0,36.85666666666666
58,63.0,41.645,75.0,56.506,74.0,52.05966666666667
61,40.0,41.92,65.0,48.735,65.0,50.75
58,0.0,31.306666666666665,71.0,39.169000000000004,51.0,41.61678571428572
52,46.0,34.233333333333334,46.0,41.42,41.0,48.1
57,43.0,35.25,83.0,38.25,56.0,44.54
49,31.0,38.17916666666667,46.0,43.26583333333334,7.0,43.69444444444444
70,13.0,43.07,54.0,46.04,59.0,45.42
58,33.0,46.925,64.0,48.88166666666667,64.0,48.33571428571428
57,46.0,31.11,34.0,40.6075,4.0,36.59166666666667
67,49.0,47.87,60.0,50.405,69.0,48.528
69,67.0,54.32,64.0,51.5,35.0,53.64
71,46.0,27.393,36.0,33.5725,7.0,35.62
48,0.0,27.73,20.0,25.32,10.0,28.21
48,44.0,42.36116666666666,38.0,43.76333333333333,20.0,42.114
72,65.0,55.94,74.0,60.47,69.0,64.39
61,4.0,29.76,52.0,34.48,39.0,38.34
57,54.0,45.535,7.0,51.73,73.0,54.07
60,27.0,29.033,7.0,33.02630952380952,31.0,36.69083333333334
59,50.0,36.0,48.0,41.94,57.0,43.16
67,22.0,27.51,51.0,36.843333333333334,50.0,40.47
49,60.0,36.6,63.0,37.97,31.0,47.745
67,74.0,40.01,49.0,46.79,32.0,47.24
57,54.0,34.95833333333333,54.0,39.58157142857143,58.0,40.85
59,40.0,45.845,60.0,44.405,38.0,48.575714285714284
0,49.0,51.525396825396825,30.0,47.434444444444445,56.0,48.44
38,28.0,40.665,59.0,46.51666666666667,57.0,41.995
57,19.0,30.722,32.0,34.32,54.0,41.205
58,0.0,33.56583333333334,2.0,39.495,6.0,38.18
67,4.0,43.759642857142865,28.0,44.181333333333335,32.0,48.87250000000001
60,63.0,52.79,60.0,52.29,63.0,58.68333333333333
73,37.5,35.287,52.0,37.75333333333334,10.0,42.46916666666666
57,35.0,39.79333333333334,76.0,41.3525,14.0,47.385
60,51.0,41.492666666666665,75.0,48.451,41.0,49.98
48,62.0,40.876666666666665,69.0,45.235,60.0,46.23
56,38.0,31.12,36.0,38.55,2.0,41.59
79,53.0,37.908928571428575,21.0,45.56,53.0,46.523999999999994
54,68.0,43.23833333333334,32.0,44.37183333333333,77.0,47.183
70,37.0,45.12766666666666,19.0,46.41844444444445,64.0,47.31
65,64.0,60.26961111111112,64.0,59.665039682539685,74.0,61.93631746031746
67,23.0,42.013000000000005,62.0,48.962142857142865,69.0,49.17
75,93.0,51.15,7.0,56.262777777777785,74.0,57.205
61,30.0,43.07,56.0,50.7,58.0,50.3
55,57.0,45.66,66.0,43.91,57.0,47.65
60,0.0,40.08,52.0,40.61,66.0,43.4925
64,0.0,44.37,39.0,46.2,40.0,47.14
44,37.0,55.25,51.0,51.32,51.0,50.69
63,0.0,22.933333333333334,34.0,35.997,37.0,45.51
61,23.0,41.7155,27.0,43.9975,42.0,44.675
61,38.0,37.09,35.0,45.0975,49.0,44.73799999999999
47,73.0,49.18,44.0,52.7,22.0,50.724
61,36.0,42.47,30.0,41.77,35.0,43.715
63,49.0,38.97,32.0,39.25,44.0,44.41
66,4.0,44.8625,37.0,47.3825,61.0,50.305
67,30.0,40.03,69.0,39.343333333333334,29.0,46.76
61,32.0,39.519,35.0,50.02333333333334,14.0,52.0625
58,2.0,37.9,60.0,39.61,72.0,43.93333333333333
68,54.0,45.27,30.0,45.42,59.0,44.58
63,67.5,37.30333333333333,36.0,40.616,40.0,43.46
74,10.0,40.530611111111114,48.0,41.93,53.0,47.06
70,63.0,39.28,67.0,39.22,21.0,39.29
55,24.0,39.82,35.0,37.48166666666667,3.0,41.41
81,68.0,47.56666666666667,73.0,47.08666666666667,40.0,51.47
77,51.0,42.31,63.0,46.71,69.0,52.7
81,52.0,50.45,45.0,48.45,66.0,50.189666666666675
80,78.0,49.01,78.0,57.85833333333334,78.0,64.18
79,42.0,36.14092857142857,60.0,38.64714285714286,31.0,40.41275
65,66.0,45.7302380952381,74.66666666666667,38.1525,27.0,48.38583333333333
11,44.0,27.715,45.0,39.05,33.0,41.66
53,39.0,46.60666666666666,57.0,50.22,61.0,51.549523809523805
56,0.0,27.57,34.0,35.94,34.0,38.53
67,34.0,21.23,5.0,27.74,53.0,38.895
56,0.0,38.66625,57.0,41.9625,32.0,40.34
60,61.0,52.095,75.0,55.098214285714285,34.0,49.87333333333334
56,42.0,44.12,34.0,46.45,11.0,50.12
68,44.0,44.94499999999999,26.0,42.155,16.0,43.595
59,13.0,45.56,59.0,52.431999999999995,71.0,62.02304761904761
63,45.0,37.5425,31.0,40.23,34.0,46.59
81,30.0,41.645714285714284,44.0,43.21,59.0,47.25
61,59.0,36.901666666666664,48.0,46.14,45.0,45.79
16,54.0,50.405833333333334,69.0,55.96,14.0,57.4
73,42.0,41.64,66.0,43.478809523809524,42.0,42.53
42,52.0,48.92,53.0,52.038888888888884,47.0,52.71
66,0.0,55.635,73.0,52.80166666666667,76.0,50.38
61,11.0,29.130666666666666,13.0,32.617333333333335,7.0,36.92
72,22.0,32.63,71.0,40.54,51.0,38.791666666666664
67,40.0,27.57,68.5,37.69,25.0,35.26
63,0.0,42.285,57.0,41.22222222222223,29.0,47.96888095238095
56,59.0,44.64,47.0,44.385,46.0,49.80666666666667
63,0.0,23.68,2.0,29.08,8.0,36.36
57,65.0,35.833333333333336,65.0,44.95,63.0,45.94166666666666
53,55.0,30.664666666666673,22.0,31.38,40.0,45.51
67,10.0,35.844,9.0,40.92,72.0,43.29333333333334
73,40.0,38.342,5.0,35.29533333333333,42.0,40.36866666666667
56,37.0,50.41666666666667,55.0,49.46222222222222,37.0,52.73166666666666
53,8.0,37.77,78.0,42.245,16.0,43.92
70,87.0,46.73956862745098,37.0,49.43037254901961,75.0,57.041166666666676
61,19.0,40.31,83.0,43.3825,43.0,44.14
33,21.0,23.478,35.0,33.196666666666665,32.0,41.1
49,15.0,35.458333333333336,44.0,40.54,44.0,43.13
61,51.0,42.6775,1.0,42.29,51.0,41.595
37,71.0,31.246666666666666,4.0,40.45,45.0,43.82
68,63.0,41.23333333333334,61.0,41.82333333333334,67.0,39.400999999999996
68,1.0,37.74333333333333,60.0,40.435,45.0,44.94
49,72.0,52.02,32.5,50.458,70.0,49.59
45,61.0,58.715,1.0,60.06,61.0,59.55
56,48.0,40.36,41.0,43.84,45.0,45.99333333333334
67,52.0,48.26333333333334,42.0,50.136,63.0,52.645
58,33.0,46.925,64.0,48.88166666666667,64.0,48.33571428571428
39,67.0,55.00833333333334,47.0,57.3,67.0,59.76
68,1.0,31.85,76.0,34.85,33.0,45.83
65,61.0,42.4725,2.0,49.571000000000005,1.0,50.1515
57,72.0,39.31666666666667,0.0,32.0,78.0,42.668
0,15.0,33.91,38.0,38.3,17.0,39.81
67,6.0,34.51571428571428,6.0,37.92,46.0,40.08
61,57.0,41.69083333333334,66.0,38.97833333333333,63.0,42.385
63,6.0,33.01583333333333,0.0,34.49416666666667,53.0,37.07333333333334
51,0.0,26.263333333333335,14.0,38.385,48.0,39.00666666666667
47,29.0,48.91878571428571,61.0,44.575,84.0,47.271
66,38.0,41.47,64.0,41.41,23.0,49.91
57,0.0,30.8,50.0,40.12,38.0,39.3575
63,33.0,36.73,55.0,36.42,50.0,49.67
64,42.0,41.12133333333333,23.0,42.783500000000004,45.0,43.98166666666666
77,23.0,36.92,36.0,38.56333333333333,16.0,37.97
59,59.0,44.985,42.0,45.065,17.0,48.92
61,53.0,48.12,34.0,48.3,53.333333333333336,53.83833333333334
42,25.0,40.84,25.0,41.97,48.0,47.58
73,34.0,30.71,47.0,25.68,44.0,37.45
72,8.0,41.28,1.0,39.81,59.0,53.56
57,71.0,42.22666666666667,11.0,49.71866666666667,45.0,48.01
46,62.0,48.34,71.0,48.09,58.0,52.73181818181818
60,51.0,41.492666666666665,75.0,48.451,41.0,49.98
58,16.0,43.03,50.0,49.096000000000004,55.0,50.135
72,55.0,45.185,53.0,49.05,0.0,47.18
77,0.0,28.1025,46.0,42.4,17.0,38.47
57,0.0,26.4475,33.0,30.52333333333333,26.0,40.0175
43,24.0,40.60471428571429,9.0,42.19,46.0,40.07
55,55.0,45.79666666666666,59.0,50.651666666666664,73.0,46.91
76,48.0,39.815,58.0,44.2475,23.0,41.00166666666666
61,14.0,41.13,0.0,42.5,57.0,40.95
48,55.0,33.325,49.0,42.99952380952381,41.0,45.38142857142857
68,0.0,31.75,39.0,47.12,56.0,44.91
44,37.0,55.25,51.0,51.32,51.0,50.69
64,36.0,41.25,38.0,43.37,35.0,42.77
62,47.0,36.20083333333333,40.0,38.8,21.0,44.2
74,43.0,45.08,22.0,51.288000000000004,60.0,47.17
80,2.0,37.48,61.0,41.0,11.0,43.85
56,12.0,34.986999999999995,78.0,41.886,44.0,40.98916666666667
55,42.0,36.16,42.0,34.6,45.0,46.28
76,22.0,35.2,34.0,43.06833333333334,36.0,47.808
59,35.0,45.23,43.0,44.68666666666666,63.0,45.03
59,0.0,31.40857142857143,21.0,36.626,30.0,42.83
58,3.0,31.45,77.0,50.75,75.0,45.54666666666666
64,55.0,48.51,69.0,52.01,85.0,51.99
66,4.0,44.8625,37.0,47.3825,61.0,50.305
59,27.0,35.93,29.0,44.086000000000006,56.0,47.11
57,53.0,44.97,73.0,45.2105,73.0,52.978
48,5.0,24.16,28.0,30.232142857142858,63.0,40.641666666666666
65,70.0,46.263999999999996,68.0,46.52,45.0,59.8575
56,55.0,55.245,6.0,57.07,71.0,56.64
55,24.0,39.82,35.0,37.48166666666667,3.0,41.41
61,44.0,33.455,30.0,38.64833333333333,46.0,41.03
69,15.0,44.25333333333334,61.0,46.81714285714286,45.0,51.56
72,48.0,28.955,54.0,34.08,26.0,43.08
78,0.0,43.705,21.0,41.15,57.0,47.12555555555556
77,51.0,38.66,45.0,40.825,42.0,38.62
79,1.0,40.7775,32.0,43.28666666666666,33.0,48.11
75,0.0,35.92,45.0,41.13,22.0,39.245
72,81.0,48.06833333333333,75.0,59.57166666666666,70.0,61.526071428571434
72,32.0,42.87,40.0,50.879,72.0,50.08
74,19.0,49.38,14.0,44.16,52.0,50.27
28,39.0,35.58166666666666,25.0,39.467999999999996,44.0,44.64
74,34.0,34.27,36.0,34.4,34.0,38.41
76,48.0,38.693000000000005,68.0,45.68833333333334,33.0,50.25
67,52.0,35.46666666666667,34.0,39.53,32.0,39.17
52,0.0,32.44,44.0,40.66,46.0,41.49
59,79.0,56.31,94.0,60.13,0.0,60.355
68,51.0,39.23083333333334,79.0,46.545,32.0,50.78
63,9.0,43.23,53.0,46.12333333333334,55.0,40.62416666666667
73,53.333333333333336,44.29900000000001,66.0,47.8975,40.0,46.503
72,91.0,63.994,23.0,62.26444444444444,61.0,59.77
74,63.0,38.4775,52.0,46.115,43.0,45.085
71,70.0,59.38,64.0,57.46,32.0,60.1
0,62.0,44.6975,37.0,48.93,36.0,43.5525
67,45.666666666666664,49.185952380952386,61.0,49.51411111111111,66.0,54.88451515151515
61,70.0,39.64033333333333,72.0,42.955,31.0,53.46
60,68.0,49.29,15.0,51.98666666666666,68.0,46.23909090909091
4,62.0,43.24833333333334,50.0,50.16,51.0,50.45
65,47.0,44.19333333333334,67.0,39.07666666666667,1.0,41.45333333333333
76,54.0,44.9635,66.0,45.36,74.0,45.05
77,50.0,42.97,50.0,47.2,2.0,49.38
82,28.0,40.785,28.0,45.62909090909091,0.0,43.37
62,0.0,33.6,56.0,44.36,35.0,36.6525
21,14.0,31.19,60.0,36.015,2.0,36.57
54,57.0,42.43,73.0,49.0325,73.0,49.94833333333334
64,77.0,45.86,42.0,50.585,76.0,53.53
55,82.0,42.5,83.0,49.475,65.0,54.08666666666667
77,35.0,31.3,68.0,36.76,62.0,40.62
72,31.0,41.42,44.0,43.68,73.0,46.0275
73,4.0,35.485,13.0,40.83,27.0,40.51
54,0.0,38.654,67.0,50.7725,60.666666666666664,51.7
58,0.0,44.46,76.0,40.018499999999996,47.0,39.86
52,21.0,39.6,49.0,43.77,41.0,44.84
50,13.0,37.815,21.0,38.94166666666666,68.0,43.295
63,49.0,38.123333333333335,20.0,48.52,20.0,45.55
67,52.0,18.73,1.0,29.0,18.0,30.634
56,53.0,54.915,56.0,57.36,56.0,58.27
42,43.0,37.75666666666667,56.0,42.38,78.0,45.35
65,85.0,53.41,8.0,54.12,59.0,54.1625
63,26.0,52.61,40.0,51.02,40.0,50.11
63,1.0,41.18,49.0,42.09,72.0,47.47
61,49.0,37.67,75.0,42.34,31.0,39.77
39,67.0,55.00833333333334,47.0,57.3,67.0,59.76
41,0.0,43.28,47.0,46.23,1.0,48.36
63,36.0,37.37,57.0,43.72,64.0,49.27
52,44.0,39.16416666666667,38.0,37.2275,34.0,37.6865
52,42.0,28.3025,38.0,32.95,41.0,32.9
59,58.0,50.76,25.0,49.94333333333334,32.0,53.29
61,47.0,32.26166666666667,21.0,42.65300000000001,59.0,48.47833333333334
52,62.0,41.49833333333334,18.0,47.29,33.0,42.885
69,3.0,28.15,69.0,41.52,45.0,39.67
59,14.0,40.685,41.0,36.22383333333333,15.0,45.06
74,17.0,36.66,58.0,46.29,42.0,39.55
50,56.0,36.375,26.0,38.47,40.0,45.335
68,56.0,28.901999999999997,22.0,31.734,17.0,39.19777777777778
56,76.0,42.41,48.0,49.35,38.0,46.26166666666667
60,2.0,38.94,66.0,51.02,75.0,51.3
66,44.0,51.17,34.0,53.151666666666664,20.0,54.61
0,72.0,41.58,22.0,49.11,3.0,45.95
57,24.0,32.681666666666665,2.0,38.25,49.0,34.9625
34,27.0,34.1,11.0,36.28,41.0,39.535
66,26.0,35.47,56.0,37.01,44.0,41.8
58,60.0,35.568000000000005,41.0,40.72,28.0,51.35
59,40.0,36.604,51.0,44.875,44.0,41.94
61,59.0,38.27,37.0,43.83,56.0,46.46833333333334
1,74.0,52.05,58.0,51.86571428571428,11.0,51.08
62,22.0,36.255,33.0,38.32,62.0,40.788000000000004
60,27.0,38.47,64.0,45.89,64.0,46.96
71,54.0,37.95,63.0,44.365,68.0,49.46
1,1.0,33.85,1.0,40.6125,45.0,45.84
62,0.0,43.45,30.0,45.37666666666666,37.0,41.60909090909091
63,13.0,38.6,75.0,41.96,33.0,47.48
61,39.0,41.1,16.0,45.51,59.0,49.83666666666666
71,55.0,48.43666666666666,46.0,41.37,4.0,47.27
52,28.0,38.911833333333334,43.0,38.42,63.0,42.1045
67,75.0,37.9,63.0,43.528,24.0,41.75
0,54.0,38.73,52.0,42.61333333333333,57.0,46.19
58,6.0,40.11166666666667,71.0,42.29333333333334,60.0,47.308
67,0.0,43.50180952380953,24.0,44.93366666666667,58.0,46.54
62,0.0,47.57,67.0,43.78,48.0,48.98
69,37.0,39.26095238095238,33.0,47.39,68.0,44.75166666666666
67,5.0,24.16,28.0,30.232142857142858,63.0,40.641666666666666
61,56.0,37.145,16.0,39.486666666666665,28.0,39.96
69,6.0,23.32,6.0,28.56,37.0,28.85
71,44.0,45.84166666666666,44.0,51.33,47.0,51.98625
55,79.0,43.78,61.0,52.33,84.0,50.15
71,45.0,42.51,83.0,44.596666666666664,63.0,50.27716666666667
56,32.0,40.84,8.0,46.94,21.0,46.55
65,34.0,35.2,2.0,41.23666666666666,28.0,44.19
67,23.0,36.3325,35.0,42.0985,34.0,44.95
59,85.0,52.675,46.0,49.7,22.0,55.032666666666664
76,55.0,25.15,66.0,35.0,48.0,40.03
82,10.0,36.59,60.0,38.9675,37.0,39.41
78,55.0,43.24,66.0,44.607857142857135,29.0,49.3
78,62.0,47.16833333333333,19.0,41.4,66.0,42.52
70,58.0,52.25,55.0,54.02,67.0,56.54
71,23.0,31.99,23.0,33.53666666666666,58.0,38.023452380952385
73,74.6,48.725,4.0,50.78333333333333,70.0,51.43
74,74.0,47.98,69.0,52.071999999999996,51.0,51.0475
61,40.0,45.8675,67.0,38.452,74.0,48.38333333333333
79,70.0,39.02,8.0,40.94466666666667,25.0,43.723333333333336
69,42.0,44.765,39.0,48.232,62.0,50.15033333333333
55,52.0,47.87333333333333,61.0,50.48,74.0,56.33
61,30.0,35.16,59.0,42.15,30.0,40.22428571428571
71,0.0,48.07,52.0,46.66,63.0,54.91
75,1.0,38.56,49.0,39.14,18.0,32.08
82,21.0,33.68,29.0,36.426,43.0,44.77633333333334
39,40.0,33.36,54.0,29.71,52.0,40.03
58,60.0,42.97,88.0,47.858000000000004,33.0,49.12925
68,0.0,32.234,47.0,40.17,60.0,38.97
59,62.0,39.19,5.0,43.20666666666666,61.0,41.2
74,84.0,46.93,52.0,43.31933333333334,44.0,49.12
65,35.0,27.49333333333333,2.0,33.72,33.0,40.291333333333334
75,50.0,46.9725,62.0,50.28190476190476,71.0,49.03
63,0.0,32.56666666666667,79.0,43.25,0.0,47.565
57,56.0,28.97,46.0,37.501999999999995,31.0,36.49
73,0.0,62.99,13.0,65.41,65.0,66.09
63,60.0,47.034,56.0,51.92,60.0,51.085
57,57.0,39.125,6.0,44.03666666666667,42.0,46.59
67,32.0,28.5075,18.0,37.75666666666667,9.0,37.906666666666666
40,51.0,30.85,6.0,36.19,43.0,34.29
68,32.0,39.571999999999996,34.0,43.525,31.0,43.82666666666666
66,31.0,38.62,19.0,42.32,24.0,44.11333333333334
1,13.0,44.9,83.0,46.35,6.0,44.83
72,23.0,46.94,71.0,47.73083333333334,47.0,49.36
65,17.0,39.0975,21.0,47.27,52.0,46.792
60,41.0,37.077333333333335,22.0,42.163999999999994,48.0,47.0
64,20.0,49.7805,84.0,53.33416666666666,82.0,55.482000000000006
57,52.0,43.839,50.0,42.66333333333333,42.0,48.06333333333333
0,40.0,23.92,52.0,38.03,57.0,38.43
63,49.0,38.123333333333335,20.0,48.52,20.0,45.55
42,24.0,28.22,20.0,36.65,54.0,39.33083333333334
57,57.0,39.415,41.0,43.69,47.0,46.11
0,23.0,36.57864285714286,23.0,39.3075,39.0,39.1425
68,45.0,40.865,65.0,45.788000000000004,65.0,49.083
50,44.0,39.61,62.0,44.8,59.0,46.82
49,0.0,44.3,71.0,54.19,57.0,51.51666666666667
46,0.0,29.89857142857143,21.0,37.93,81.0,44.4
69,58.0,42.62166666666666,45.0,46.34533333333333,42.0,47.073
49,16.0,48.32,55.0,50.62333333333334,62.0,55.05
70,75.0,42.87,31.0,44.32,38.0,45.34
73,56.0,33.2,56.0,40.66,51.0,42.15
60,28.0,36.30883333333334,41.0,41.505,58.0,46.65666666666666
65,29.0,29.974,77.0,40.692,1.0,37.41
62,26.0,43.64,70.0,49.008,26.0,51.20833333333334
70,58.0,41.26466666666666,33.0,45.13666666666667,41.0,42.33
74,56.0,27.42,43.0,34.1,31.0,34.334
57,50.0,41.7625,67.0,50.72875,35.0,60.82
64,81.0,45.36666666666666,63.0,46.60533333333333,24.0,42.54466666666667
62,5.0,42.50976587301588,40.0,41.98666666666666,46.5,45.959722222222226
37,43.0,33.776666666666664,57.0,40.11,18.0,43.11
56,48.0,37.08,5.0,45.04047619047619,43.0,45.62666666666666
72,38.0,36.96971428571428,21.0,40.37666666666667,58.0,41.49
0,35.0,33.969,52.0,38.564,68.0,40.525
45,20.0,37.35666666666666,64.0,45.15,67.0,41.71666666666666
72,68.0,54.44,2.0,49.67,55.0,55.946000000000005
68,32.0,34.46,44.0,36.33,64.0,35.35
67,69.0,47.183,30.0,46.99,52.0,47.04714285714286
48,67.0,40.98583333333334,25.0,45.66,46.0,47.89666666666666
64,73.0,37.2,22.0,46.155,68.0,43.64083333333333
62,28.0,39.124,62.0,44.05,17.0,47.38333333333334
63,39.0,43.37666666666666,51.0,52.51333333333333,40.0,56.77
69,69.0,45.96545238095237,62.0,47.07,32.0,49.178999999999995
76,76.0,45.3275,74.0,56.552857142857135,72.0,60.65642857142857
63,54.0,43.9375,25.0,46.22,49.0,46.03333333333334
75,41.0,41.26,59.0,44.37,9.0,42.438
35,47.0,34.35,22.0,35.8,49.0,39.736666666666665
56,57.0,40.72,40.0,44.64416666666666,22.0,42.89
68,49.0,52.91166666666666,55.0,47.49,60.0,50.72
42,19.0,44.08633333333333,22.0,42.386,21.0,42.58266666666666
67,0.0,43.50180952380953,24.0,44.93366666666667,58.0,46.54
70,56.0,38.76916666666666,50.0,45.0825,56.0,44.0
67,65.0,37.71,38.0,32.81,59.0,52.17
63,35.0,45.23,14.0,42.7,17.0,41.785
0,40.0,28.31,40.0,24.74,33.0,48.15
59,0.0,26.26,46.0,37.0525,46.0,46.37
46,31.0,44.97666666666667,76.0,42.316857142857145,29.0,41.585
0,1.0,43.505,25.0,46.03,66.0,47.76
64,31.0,25.52333333333333,8.0,30.26,6.0,39.4
2,40.0,34.54,26.0,33.08,6.0,43.92
67,50.0,55.220666666666666,64.0,58.68,70.0,54.086000000000006
64,28.0,37.25181818181818,10.0,34.75,10.0,33.98142857142857
35,39.0,31.232666666666663,42.0,38.08,39.0,44.856
79,72.0,51.62,62.0,52.07,61.0,52.715
61,55.0,52.24333333333333,67.0,58.81,76.0,59.89
76,8.0,41.2,8.0,33.1385,1.0,38.62
59,53.0,52.38,59.0,47.38666666666667,70.0,55.136
65,34.0,35.2,2.0,41.23666666666666,28.0,44.19
49,48.0,49.31,59.0,52.54416666666667,51.0,56.2075
69,40.0,43.06216666666667,30.0,36.17583333333333,25.0,43.62969047619048
0,7.0,44.90333333333333,14.0,46.415,39.0,42.61488095238096
73,5.0,33.935,38.0,35.03,59.0,35.91
75,41.0,44.62,43.0,43.41,61.0,46.795
81,0.0,40.39,19.0,37.77916666666667,38.0,46.98666666666666
79,76.0,42.275,76.0,44.04,23.0,36.43
76,14.0,46.72166666666667,8.0,40.365,5.0,41.63666666666666
0,53.0,37.19,0.0,46.482,45.0,48.675
78,63.0,49.11,33.0,46.38,34.0,52.56
70,60.0,44.92883333333333,62.0,47.37083333333334,59.0,50.5375
71,51.75,45.62666666666666,65.0,46.54677777777777,42.0,47.8125
80,22.5,31.0495,52.0,39.76,42.0,40.08
81,22.0,39.266666666666666,68.0,36.2,42.0,33.97
43,6.0,44.32666666666666,71.0,46.99533333333333,32.0,44.281000000000006
73,21.0,32.24333333333333,6.0,34.455,52.0,37.67857142857142
65,1.0,25.89333333333333,47.0,42.18,27.0,48.38
58,61.0,40.99,57.0,48.13333333333333,36.0,45.985
70,92.0,56.71,5.0,52.04,88.0,55.64
67,68.0,39.406666666666666,17.0,42.15,1.0,40.76
0,4.0,31.342499999999994,61.0,42.044,66.0,43.4975
0,40.0,32.338,3.0,32.26,52.0,40.73
68,43.0,43.87,2.0,46.37350000000001,41.0,40.36666666666667
54,5.0,26.4,29.0,30.79,31.0,31.26
64,61.0,44.59,69.0,55.96000000000001,59.0,53.6
59,1.0,39.44083333333333,40.0,36.7625,22.0,43.6215
53,42.0,43.34,81.0,48.80444444444444,63.0,49.49666666666667
74,41.0,37.65,54.0,40.260000000000005,70.0,41.48333333333333
59,74.0,38.33,14.0,46.4,64.0,47.32
0,57.0,39.365,1.0,46.04,39.0,46.74
69,42.666666666666664,40.815999999999995,30.0,51.52341666666666,45.0,52.99
62,32.0,30.32133333333333,50.0,36.47616666666667,51.0,38.644333333333336
47,44.0,38.59,45.0,40.169666666666664,36.0,43.13375
17,50.0,41.3,19.0,37.715,49.0,38.016333333333336
77,37.0,41.33,37.0,41.22,49.0,44.11
60,40.0,31.34083333333333,53.0,39.26,18.0,37.618
68,68.0,47.75666666666667,66.0,60.51583333333334,75.0,56.81
61,74.6,39.74,33.0,44.800666666666665,57.0,46.165
73,40.0,36.178000000000004,48.0,42.67,37.0,43.34
66,34.0,46.8,66.0,46.523,72.0,49.4325
59,0.0,34.671285714285716,73.0,46.28666666666666,32.0,44.318888888888885
62,42.0,44.81,8.0,46.7675,44.0,47.00285714285714
73,42.0,37.44166666666666,2.0,42.84,45.0,42.5
64,20.0,49.7805,84.0,53.33416666666666,82.0,55.482000000000006
67,6.0,32.34,16.0,33.05,29.0,41.725
72,23.0,46.94,71.0,47.73083333333334,47.0,49.36
64,33.0,40.72,35.0,43.0,42.0,46.91
73,34.0,47.07833333333333,21.0,47.08,72.0,49.32
80,53.0,49.915,77.0,54.58,77.0,57.54
57,27.0,33.925,19.0,36.88,32.0,39.28766666666667
66,5.0,33.72,23.0,41.28,10.0,44.84214285714286
75,0.0,32.53,39.0,43.475,56.0,39.47
74,49.0,51.21333333333333,58.0,50.25,71.0,50.45
45,28.0,40.88,22.0,44.45,28.0,45.785
48,36.0,52.84833333333333,63.0,54.945,83.0,53.83
70,32.0,24.23,41.0,39.34285714285714,61.0,41.84
65,0.0,41.055,17.0,42.229285714285716,68.0,49.324666666666666
3,4.0,48.095,37.0,49.48833333333334,37.0,48.303999999999995
59,37.0,42.339333333333336,46.0,50.3385,50.0,50.49166666666666
63,73.0,46.33142857142857,46.0,47.6,54.0,48.049
57,54.0,47.755,40.0,50.82083333333333,20.0,46.94380952380952
57,20.0,27.055,30.0,29.025,12.0,34.0
69,3.0,29.4675,26.0,40.02916666666667,58.0,44.87666666666666
76,48.0,41.38399999999999,1.0,44.87,34.0,46.05571428571429
57,0.0,41.18166666666666,76.0,46.393,66.0,44.14833333333333
76,1.0,34.78333333333333,43.5,48.95,43.5,51.83
76,53.0,37.25333333333333,55.0,39.61,33.0,40.9725
58,21.0,51.7325,55.0,48.33,61.0,47.47
56,57.0,40.68083333333333,33.0,45.11,48.0,45.95833333333334
45,67.0,46.663500000000006,56.0,47.895,0.0,54.33
59,4.0,29.758285714285712,65.0,38.73766666666667,53.0,44.727142857142866
36,47.0,39.391666666666666,47.0,38.91,47.0,43.16
62,65.0,39.95,24.0,45.88,69.0,49.95933333333333
68,12.0,38.325,59.0,39.86333333333334,48.0,42.56
72,51.0,52.26,51.0,53.65,51.0,53.9175
30,36.0,44.794285714285714,14.0,43.155,68.0,44.464
52,34.0,41.19,61.0,42.535,34.0,45.02
78,2.0,29.92,40.0,32.17857142857143,63.0,39.79
61,63.0,44.6325,63.0,45.39,63.0,44.23
67,65.0,31.928,52.0,35.76,14.0,43.74
46,0.0,43.46,31.0,46.126000000000005,34.0,47.66166666666667
57,46.0,32.92,54.0,41.21,44.0,45.29666666666666
0,17.0,32.37,51.0,39.79,17.0,42.54
74,37.0,34.543,54.0,45.98,60.0,45.64
69,70.0,42.06857142857143,33.0,36.307833333333335,31.0,36.85833333333333
66,34.0,31.431666666666665,74.0,38.16,48.0,37.82
78,40.0,48.9,41.0,52.77,60.0,48.18833333333334
52,58.0,41.97,65.0,46.418,52.0,53.12333333333333
68,68.0,39.025,74.0,43.9225,54.0,44.81333333333334
76,76.0,43.47,58.0,46.16,0.0,49.385
52,53.0,29.59,54.0,31.95,38.0,32.22
2,17.0,38.458,77.0,46.78,64.0,45.695
61,51.0,42.29,79.0,50.9975,72.0,48.915
68,20.0,38.86333333333334,17.0,41.41833333333333,36.0,40.876666666666665
57,56.0,32.001999999999995,57.0,42.115,1.0,37.38
57,61.0,35.794000000000004,0.0,36.36,79.0,40.19
53,0.0,35.095,4.0,37.0,27.0,38.76166666666667
58,1.0,42.38,73.0,46.268,57.0,52.79
56,78.0,53.13567857142857,35.0,55.89,51.0,55.66999999999999
62,7.0,30.35,66.0,37.79666666666667,40.0,36.21666666666667
58,47.0,39.27,63.0,46.640666666666675,75.0,49.384642857142865
64,71.0,40.429,77.0,43.64,71.0,45.55
79,79.0,39.85666666666666,38.0,45.5537619047619,52.0,54.250166666666665
51,25.0,31.39,36.0,40.79380952380952,62.0,42.29
80,54.0,47.551,32.0,50.58000000000001,56.0,49.2
73,7.0,34.82,52.0,42.03633333333333,54.0,43.67
74,25.0,47.34,52.0,43.206,42.0,47.08
77,73.0,54.16,64.0,58.1125,70.0,54.615
74,13.0,38.696666666666665,13.0,42.9,61.0,43.9
71,28.0,40.68,11.0,46.0725,28.0,42.744285714285716
70,24.0,42.09,67.0,42.43,42.0,45.72
66,39.0,40.75,45.0,44.49,14.0,44.7
75,55.0,31.48,55.0,40.6,7.0,37.57
70,61.0,41.695,71.0,45.41,28.0,48.015
65,1.0,25.89333333333333,47.0,42.18,27.0,48.38
76,68.0,46.225,75.0,53.1325,64.66666666666667,46.97
1,43.0,30.815,59.0,38.418,26.0,43.946000000000005
61,59.0,39.635,38.0,45.998000000000005,50.0,46.895
69,33.0,42.61116666666667,81.0,44.74833333333333,26.0,45.77333333333334
63,72.0,24.41,4.0,22.29,1.0,26.025
52,51.0,36.27833333333333,14.0,31.72,30.0,37.405
71,11.0,37.82,54.0,38.565,69.0,37.984
73,1.0,33.72666666666667,83.0,44.796952380952376,83.0,50.9
77,53.0,53.2625,67.0,53.125,76.0,53.20066666666666
56,20.0,42.240904761904766,41.0,42.148,46.0,44.24333333333334
69,41.0,44.36666666666667,61.0,45.47,67.0,45.23
76,55.0,44.46,29.0,47.63214285714286,68.0,43.0685303030303
65,41.0,30.355,81.0,33.338,81.0,32.68
34,59.0,31.625,37.0,28.8325,6.0,35.5
69,1.0,28.295,49.0,35.821999999999996,8.0,42.28
57,34.0,28.88,70.0,30.78,64.0,45.12
72,70.0,33.68,36.0,38.69,72.0,38.77
46,29.0,45.36,48.0,48.91,71.0,49.5725
74,41.0,37.65,54.0,40.260000000000005,70.0,41.48333333333333
64,34.0,45.768,38.0,47.345,67.0,53.87
75,74.0,51.925,74.0,55.25,39.0,55.96
65,33.0,40.38,37.0,41.55,70.0,41.81399999999999
69,0.0,31.93,38.0,29.44,42.0,31.416666666666664
61,66.0,36.95916666666667,36.0,39.74,43.0,40.88
0,34.0,32.241,45.0,35.809,60.0,36.414
65,61.0,39.58,33.0,40.732,47.0,44.46333333333333
68,68.0,47.75666666666667,66.0,60.51583333333334,75.0,56.81
73,40.0,36.178000000000004,48.0,42.67,37.0,43.34
51,50.0,45.60733333333334,51.0,51.16914285714286,47.0,53.223333333333336
68,59.0,49.88916666666667,48.0,54.336190476190474,38.0,56.4625
56,0.0,40.346,33.0,46.44666666666667,44.0,46.25
56,36.0,42.35283333333333,43.0,44.33333333333334,26.0,46.77333333333333
66,57.0,39.53875,18.0,42.28,66.0,45.8
64,47.5,42.10166666666666,2.0,48.32833333333334,54.0,50.36
65,70.0,40.08830555555556,42.0,43.87666666666666,58.0,45.505
62,60.0,47.81485714285714,32.0,45.57,0.0,48.95466666666667
78,0.0,37.94047619047619,66.0,45.52916666666666,26.0,44.74
47,25.0,30.07,27.0,36.97714285714286,0.0,36.54
78,51.0,51.86666666666667,68.0,56.97380952380952,52.0,55.76984126984127
69,35.0,35.8,40.0,45.88,43.0,45.875
57,33.0,33.57,40.0,30.96357142857143,48.0,37.3
60,47.0,39.235,3.0,43.92,44.0,42.78
57,78.0,46.625,71.0,42.2875,50.0,49.78
76,21.0,39.00071428571428,6.0,44.726000000000006,50.0,41.74
66,13.0,40.93,54.0,42.22,62.0,39.27
54,64.33333333333333,52.20190476190477,69.0,53.805,69.0,56.868
1,60.0,31.51,21.0,33.735,29.0,43.38
56,0.0,27.33,44.0,35.515,15.0,36.17
47,35.0,34.075,36.0,40.86,36.0,38.82
0,60.0,34.099333333333334,21.0,36.06,9.0,34.3725
77,12.0,34.215,12.0,37.495,70.0,36.326
55,57.0,37.22,47.0,46.345,40.0,45.83
58,58.0,33.68,72.0,37.314,32.0,45.37
57,38.0,37.35333333333333,60.0,42.39,42.0,51.4575
62,0.0,29.83,1.0,39.66,53.0,41.81
59,52.0,39.99,58.0,43.268,0.0,41.65
71,30.0,42.88,65.0,46.32,30.0,45.38
53,7.0,35.945,45.0,43.53,79.0,48.45
55,44.0,30.48,55.0,35.2825,20.0,43.16
51,49.0,49.31,73.0,56.76,70.0,52.1
61,24.0,32.52,44.0,35.17,35.0,35.885
70,12.0,37.744,9.0,45.826,17.0,51.5665
62,2.0,39.415,41.0,38.8405,54.0,41.199
67,45.0,44.75,76.0,45.15,76.0,50.11
74,45.0,45.56399999999999,45.0,51.96,81.0,53.38
62,45.0,46.63,67.0,44.145,63.0,45.575
59,49.0,34.85,42.0,37.85857142857142,2.0,41.10333333333334
63,2.0,40.09,40.0,42.78549999999999,54.0,45.1065
64,50.0,48.76333333333334,44.0,49.69777777777777,75.0,51.208666666666666
56,65.0,49.968246753246746,54.0,51.36821428571429,49.0,50.59166666666666
80,29.0,44.2775,44.0,45.82,36.0,46.861428571428576
80,18.0,36.74,70.0,33.23,24.0,37.88666666666667
45,52.0,29.53333333333333,26.0,34.9525,51.0,38.3375
69,76.0,42.96816666666667,55.0,36.5475,52.0,41.625
67,71.0,44.408500000000004,4.0,45.6075,54.0,45.505
58,26.0,47.81,75.0,51.11,63.0,50.05
51,0.0,40.26,72.0,47.84,45.0,49.0275
54,46.0,40.36,58.0,39.208333333333336,36.0,39.66
63,76.0,37.85,54.0,39.19,35.0,38.12
1,37.0,33.39,37.0,38.61,75.0,48.15
60,1.0,53.54971428571428,45.0,44.94333333333333,1.0,47.048
55,67.0,37.82533333333334,54.0,38.57,36.0,39.18666666666667
68,48.0,39.663,16.0,45.32,65.0,52.26
64,16.0,36.02,72.0,43.198,42.0,41.65
74,36.5,35.27729365079365,47.0,44.81666666666666,34.0,47.56916666666666
1,65.0,44.2,83.0,45.84,6.0,46.68
67,53.0,46.95399999999999,70.0,50.52083333333334,73.0,56.464285714285715
58,71.0,49.20916666666666,17.0,41.681904761904754,66.0,46.64
0,24.0,30.34666666666667,3.0,39.46,39.0,40.45
80,47.0,37.714285714285715,39.0,41.51666666666666,57.0,47.99059523809524
77,22.0,48.00333333333334,16.0,47.44666666666667,48.0,48.346666666666664
74,36.0,39.8775,62.0,48.8925,48.0,45.14
75,71.0,53.94,51.0,50.1,49.0,52.91333333333333
74,0.0,38.201,60.0,38.831428571428575,45.0,38.77
74,78.0,42.74,75.0,45.47747474747475,61.0,47.153333333333336
63,0.0,34.36007142857143,71.0,41.16477777777778,37.0,41.040714285714294
74,48.0,44.87,63.0,51.18666666666667,62.0,49.95333333333333
69,65.0,42.74,62.0,39.115,46.0,42.174
75,45.0,45.82,72.0,51.18571428571428,50.0,49.25
57,21.0,28.26,20.0,37.065,3.0,43.855
72,26.0,36.63,51.0,37.8,34.0,40.71
82,51.0,39.46633333333333,1.0,41.712833333333336,52.0,44.49416666666666
72,78.0,48.344166666666666,78.33333333333333,42.536,40.0,46.04333333333333
76,30.0,51.44,64.0,52.339166666666664,70.0,54.202666666666666
69,54.0,38.672,15.0,42.89333333333334,58.0,44.95933333333333
59,69.0,35.836666666666666,67.0,41.66666666666667,39.0,48.14
66,14.0,39.28,53.0,44.338,58.0,47.69
48,68.5,38.86,54.0,39.6575,43.0,40.44
65,70.0,38.85916666666667,1.0,48.72,25.0,44.56
68,54.0,34.54,21.0,41.4575,9.0,43.38966666666667
68,41.0,38.757333333333335,27.0,39.10952380952381,38.0,39.63
70,59.0,43.92333333333334,35.0,50.42,53.0,49.13761904761905
82,66.0,37.1,44.0,40.242,42.0,37.154
65,72.0,50.6,64.0,48.17,51.0,45.77
67,3.0,47.9,4.0,45.675,76.0,45.05657142857143
63,1.0,32.355,32.0,43.525,37.0,40.33
68,57.0,47.855,52.0,50.3,54.0,49.26
66,19.0,48.68,46.0,45.858999999999995,45.0,44.1875
75,50.0,40.83,32.0,36.11,31.0,42.515
80,73.0,43.31,25.0,50.50166666666666,71.0,49.57
75,74.0,51.925,74.0,55.25,39.0,55.96
63,55.0,45.65666666666666,1.0,45.76,35.0,46.85666666666666
38,9.0,31.806666666666665,49.0,35.88,61.0,34.45
58,66.0,36.98,43.0,54.073,18.0,43.71
64,1.0,40.71,68.0,45.07,57.0,42.36666666666666
59,34.0,45.443000000000005,66.0,49.18,70.0,52.87
2,74.0,47.36,8.0,44.72,14.0,47.05
3,70.0,40.96,50.0,39.96,50.0,48.66
41,68.0,47.28,47.0,42.23,42.0,52.83666666666667
69,52.0,40.98833333333333,60.0,47.068000000000005,64.0,46.09
65,0.0,37.134,67.0,47.80333333333334,39.0,48.08121212121212
76,46.0,63.16666666666666,86.0,57.535,77.0,57.7475
70,68.0,26.753333333333334,72.0,42.34,54.0,43.97
46,39.0,43.36333333333334,56.0,45.35125,65.0,48.8375
59,52.0,51.33833333333333,32.0,53.597,63.0,54.31
54,42.0,36.70333333333333,51.0,44.74,50.0,42.17
0,44.0,33.525,3.0,39.965,65.0,43.22666666666666
70,86.0,45.86,50.0,47.9375,61.0,53.72
65,68.0,35.742666666666665,34.0,42.495,58.0,47.04
64,47.5,42.10166666666666,2.0,48.32833333333334,54.0,50.36
65,53.0,29.2175,0.0,33.906666666666666,58.0,36.58
57,23.0,42.24933333333333,40.0,49.30666666666666,13.0,52.515
51,67.0,43.87333333333334,42.0,46.81166666666667,40.0,49.2
73,72.0,29.765833333333333,2.0,31.070666666666668,56.0,36.105
63,23.0,29.915,56.0,36.58,64.0,43.255
66,13.0,40.93,54.0,42.22,62.0,39.27
58,33.0,32.07,39.0,39.68625,48.0,42.23666666666667
59,55.0,34.14,47.0,36.56333333333333,47.0,37.0875
70,22.0,41.7325,43.0,46.84916666666666,38.0,46.96666666666667
54,4.0,29.116666666666664,5.0,34.07,1.0,30.0
68,79.0,41.72333333333333,58.0,45.54857142857143,30.0,47.2075
71,39.0,49.485,78.0,56.41,69.0,58.26333333333333
77,45.0,44.375,41.0,43.725,20.0,41.85
65,1.0,40.38333333333333,4.0,46.169333333333334,58.0,45.51166666666666
66,54.0,38.51,52.0,37.26,55.0,42.08
71,59.0,50.05666666666667,22.0,45.888000000000005,38.0,51.60929761904761
64,39.0,39.615,44.0,39.29,48.0,41.245
55,14.0,34.38,56.0,39.42,64.0,39.015
71,68.0,49.72,23.0,50.59916666666667,38.0,56.9455
65,0.0,51.11,62.0,56.22,54.0,56.01
59,21.0,30.37,51.333333333333336,42.26,78.0,36.718
75,46.0,35.8925,75.0,39.84,19.0,41.37333333333333
62,27.0,36.37,32.0,41.61,82.0,48.245
70,12.0,37.744,9.0,45.826,17.0,51.5665
74,45.0,45.56399999999999,45.0,51.96,81.0,53.38
60,0.0,42.04,37.0,45.71,46.0,46.515
67,47.0,48.96,31.0,44.724,47.0,46.11
64,13.0,34.18,50.0,38.15,29.0,37.01
62,65.0,36.247,47.0,32.14416666666667,36.0,47.06542857142856
74,0.0,36.4225,28.0,39.486666666666665,36.0,45.1625
39,0.0,41.7825,46.0,41.442,50.0,44.67166666666667
50,58.0,52.78833333333334,51.0,54.27,40.0,58.4
67,18.0,40.32,1.0,40.905,6.0,45.54
53,61.0,26.796666666666667,31.0,29.18133333333334,44.0,29.74
80,18.0,36.74,70.0,33.23,24.0,37.88666666666667
54,55.0,43.945,56.0,50.545,45.0,48.735
56,16.0,49.733999999999995,40.0,56.18,57.0,57.95
79,30.0,46.77,68.0,53.23,22.0,47.615
57,52.0,50.294,52.0,48.065,38.0,51.876000000000005
64,3.0,44.68,35.0,44.32666666666667,35.0,53.37861111111111
73,38.0,44.7525,24.0,44.875777777777785,75.0,44.5375
57,65.0,42.76,83.0,49.40761904761906,12.0,48.69
55,57.0,46.76,29.0,47.413999999999994,67.0,46.67
67,62.0,40.29083333333333,18.0,42.16,20.0,46.08
62,19.0,35.65333333333333,65.0,40.35,66.0,46.11
49,3.0,33.013000000000005,52.0,44.95566666666667,26.0,39.691904761904766
68,46.0,44.11,56.0,47.02,34.0,45.88688888888889
68,37.0,37.31666666666666,8.0,40.24666666666666,68.0,49.650000000000006
73,5.0,35.69,84.0,39.51,32.0,41.01
77,42.0,31.335,25.0,36.18,16.0,36.49666666666666
81,38.0,43.545,82.0,51.57,54.0,49.695
80,73.0,43.31,25.0,50.50166666666666,71.0,49.57
77,1.0,35.38333333333333,22.0,41.96833333333334,62.0,45.71714285714286
80,80.0,60.91,80.0,65.81,80.0,60.25
76,46.0,32.259,46.0,30.99,65.0,33.235
80,69.66666666666667,55.1975,9.0,53.90500000000001,71.0,57.990500000000004
73,68.0,50.26866666666667,61.0,51.895,28.0,53.62333333333333
72,65.0,45.34,73.0,47.91,50.0,40.56
68,60.0,45.4825,63.0,44.35,46.0,48.29
42,65.0,28.95833333333333,43.0,34.21285714285714,9.0,44.48666666666666
73,40.0,35.62583333333333,40.0,38.855,61.0,37.355
62,52.0,35.71,1.0,42.72,68.0,37.62
46,39.0,35.073,36.0,38.42666666666666,78.0,39.23
0,31.0,19.563333333333336,19.0,31.87,7.0,28.955
67,70.0,45.62,77.0,51.1,77.0,53.36
69,61.0,49.73,38.0,49.55,8.0,50.15
63,24.0,33.25,35.0,40.28,50.0,38.67
66,36.0,42.21085714285714,12.0,44.93,30.0,51.162
74,76.0,45.75,65.0,46.54,67.0,51.24
61,23.0,42.60285714285714,66.0,51.92,56.0,51.16
47,9.0,26.955,55.0,28.555,13.0,32.75166666666667
79,60.0,27.92,18.0,27.30333333333333,21.5,35.14
67,3.0,37.32,7.0,35.77333333333333,16.0,39.54
74,5.0,49.18,41.0,53.55,44.0,54.63
57,49.0,36.35,42.0,36.0,33.0,40.935
32,1.0,35.44,1.0,35.1,39.0,41.43
69,30.0,33.01,47.0,33.90625,37.0,34.47
59,54.0,43.29233333333334,31.0,48.83891025641025,5.0,47.68207142857143
63,17.0,41.13533333333333,59.0,44.766999999999996,64.0,43.58
68,77.0,36.25,46.0,41.656000000000006,51.0,41.65416666666666
79,64.0,51.33,78.0,52.528,70.0,56.75166666666666
75,47.0,43.042,67.0,43.67666666666666,33.0,44.49
76,1.0,28.085,67.0,32.11,32.0,34.894666666666666
74,36.0,46.3885,45.0,51.39,73.0,53.36
58,47.0,40.65,53.0,44.04666666666667,23.0,46.82
57,26.0,32.38,0.0,32.99,13.0,37.08
76,39.0,41.772,86.0,41.32,35.0,46.06
0,4.0,43.01,54.0,47.4,64.0,46.456
75,57.0,41.38,59.0,46.3,21.0,39.79
69,70.0,40.125,45.0,47.5025,69.0,47.99333333333334
1,50.0,48.35,50.0,53.17,45.0,51.59
55,21.0,45.79583333333333,24.0,48.995333333333335,73.0,49.93958333333334
53,41.0,38.45,35.0,43.622,53.0,42.07333333333334
57,12.0,46.6875,4.0,43.840476190476195,48.0,43.87704545454546
0,43.0,38.33,61.0,38.65,6.0,51.12
68,59.0,40.33,36.0,39.82,63.0,47.42
63,69.0,52.1,75.0,52.17833333333334,56.0,50.675
0,0.0,40.404833333333336,45.0,48.70499999999999,78.0,54.06833333333333
73,43.0,40.98476190476191,8.0,42.986999999999995,60.0,44.625
67,37.0,43.07833333333334,40.0,44.86666666666666,43.0,45.1
3,70.0,40.96,50.0,39.96,50.0,48.66
68,18.0,36.49,28.0,41.2,57.0,37.2
62,70.0,37.595,2.0,42.548,42.0,47.765
81,76.0,36.891333333333336,46.0,46.6,16.0,45.87333333333333
66,70.0,51.66619047619048,77.0,52.03916666666666,42.0,54.45
54,35.0,31.74333333333333,12.0,39.505,52.0,40.434666666666665
57,25.0,39.30276223776224,59.0,38.34,25.0,41.31027777777777
63,54.0,44.8725,12.0,48.27333333333334,54.0,46.153333333333336
61,65.0,49.67333333333334,16.0,49.34,61.0,48.58
51,49.0,45.26833333333334,54.0,46.165,75.0,49.23666666666666
65,26.5,49.15166666666667,46.0,53.05761904761905,69.0,51.2175
1,6.0,40.15,19.0,40.96,50.0,43.41
74,38.0,41.9425,39.0,44.47,3.0,45.54416666666667
68,20.0,28.56,55.0,29.005,47.0,33.99
73,0.0,30.951999999999998,28.0,31.81,42.0,40.744
66,68.0,60.02333333333333,47.0,61.22571428571428,68.0,60.3075
35,59.0,59.0875,70.0,61.343333333333334,77.0,60.68
57,76.0,33.36,75.0,40.81,67.0,38.42
54,61.0,42.22583333333333,35.0,45.04166666666666,41.0,48.468333333333334
70,22.0,41.7325,43.0,46.84916666666666,38.0,46.96666666666667
57,56.0,32.62857142857143,30.0,36.505,53.0,34.62
63,42.0,44.2475,60.0,56.039333333333325,41.0,55.19555555555556
62,24.0,47.35085714285715,46.0,51.09,39.0,49.12
61,62.0,40.725,57.0,39.8725,24.0,45.77
2,83.0,46.72284126984127,51.0,45.177928571428566,44.0,46.42
60,56.0,48.10666666666666,58.0,48.266000000000005,22.0,50.84
68,64.0,38.445,37.0,36.0,27.0,37.89
18,65.0,59.74,33.0,59.49,86.0,60.09375
69,69.66666666666667,38.07857142857143,9.0,45.83666666666667,61.0,41.346666666666664
54,59.0,36.65,26.0,36.24,37.0,37.33
56,7.0,31.458000000000002,65.0,46.458999999999996,45.0,42.27714285714286
66,0.0,39.2,46.0,43.57166666666666,41.0,43.35
0,0.0,50.36833333333333,43.0,44.08833333333333,19.0,53.24666666666666
65,33.0,39.08085714285714,15.0,44.067532467532466,21.0,45.57
71,6.0,50.1,60.0,44.49666666666666,44.0,51.57
74,70.0,39.625,42.0,41.32866666666667,25.0,46.85
69,47.0,47.9,58.0,46.188,65.0,47.01533333333334
52,0.0,37.05833333333334,68.0,42.73916666666667,39.0,42.36983333333333
72,0.0,32.21,1.0,40.86,0.0,41.44
78,47.0,33.92,11.0,36.56,16.0,41.0
71,0.0,48.29,89.0,58.59,33.0,54.66
73,60.0,52.12866666666667,63.0,52.79404761904762,67.0,49.65227777777778
65,71.0,54.91,52.0,54.41333333333334,9.0,55.12
64,8.0,32.5675,8.0,35.314,79.0,32.6675
51,10.0,55.87,6.0,47.575,4.0,57.95
46,0.0,38.46,63.0,44.4,51.0,46.54
0,43.0,44.66,42.0,46.24857142857143,65.0,48.88
64,0.0,53.46,59.0,52.08166666666666,57.0,55.23
65,44.0,40.005,27.0,31.58,82.0,37.94
2,39.0,39.02,9.0,40.82708333333333,77.0,45.055
77,68.0,46.52666666666667,34.0,45.95416666666666,63.0,49.6275
73,57.0,45.19333333333334,43.0,45.08333333333334,59.0,48.57727272727272
72,59.0,45.4,62.25,58.51971428571428,70.0,52.17666666666666
78,44.0,42.3,26.0,40.885,56.0,42.37
71,24.0,41.47,24.0,45.36333333333333,41.0,48.72500000000001
0,38.0,33.04,34.0,39.99,34.0,44.78
71,27.0,49.397380952380956,68.0,47.44,7.0,47.3075
79,25.0,26.11,21.0,37.36,26.0,42.97
73,21.0,34.945,45.0,46.46,70.0,43.14
69,57.0,48.346666666666664,4.0,47.4675,46.0,53.48583333333333
68,42.0,45.18333333333334,62.0,46.86074175824176,30.0,44.965
61,64.0,30.57,45.0,38.90333333333333,28.0,39.85
67,53.0,43.531666666666666,49.0,46.31399999999999,37.0,43.90047619047618
42,27.0,20.855,0.0,31.77,20.0,35.725
76,67.0,41.33,33.0,43.47,4.0,45.3
72,60.0,40.6325,69.0,47.81,69.0,52.9
51,47.0,31.5775,17.0,36.96,43.0,42.355
81,72.0,44.565,31.0,46.88,55.0,48.18
79,60.0,56.35142857142857,76.0,55.25285714285714,75.0,61.91571428571429
75,71.0,50.38666666666666,38.0,49.28833333333333,46.0,52.095
65,65.0,36.49166666666667,45.0,43.49,36.0,45.11857142857143
66,64.0,40.99,71.0,47.340666666666664,38.0,39.425
81,22.0,55.94297619047618,18.0,58.06802777777778,65.0,56.09275793650793
66,36.0,42.21085714285714,12.0,44.93,30.0,51.162
63,54.0,34.535,69.0,37.190714285714286,44.0,36.759166666666665
72,48.0,36.35,12.0,40.11,40.0,38.78
49,6.0,44.72666666666666,55.0,50.3025,35.0,50.48533333333333
61,60.0,38.76,11.0,46.89388888888889,60.0,43.61
67,3.0,32.33,22.0,37.28,25.0,47.26
70,66.0,54.40142857142857,78.0,54.455,66.0,57.50083333333333
57,0.0,41.80666666666666,53.0,41.662,70.0,45.79833333333334
55,39.0,33.60566666666667,59.0,44.943000000000005,58.0,40.398
76,47.0,40.65,53.0,44.04666666666667,23.0,46.82
65,31.0,38.29,35.0,39.0675,39.0,51.307333333333325
76,71.0,43.0175,79.0,47.01,34.0,41.40416666666667
65,6.0,41.1,82.0,47.85016666666667,33.0,43.994
62,48.0,29.55833333333333,8.0,34.235,42.0,40.38
63,34.0,42.58266666666666,35.0,44.42,18.666666666666668,47.43
82,66.0,47.95,70.0,44.28,60.0,47.85
74,0.0,39.17976190476191,55.0,51.16966666666667,36.0,53.71
2,84.0,46.99333333333333,57.0,50.68,64.33333333333333,53.99
71,22.0,31.471999999999998,63.0,32.776666666666664,32.0,42.80452525252525
1,62.0,39.93,76.0,37.475,35.0,38.77
70,9.0,38.41,40.0,38.12,35.0,40.86
71,0.0,45.605428571428575,58.0,48.77,81.0,49.479
61,37.0,33.61,5.0,39.6075,30.0,43.28666666666666
77,33.0,29.714666666666666,5.0,34.92249999999999,38.0,40.52
71,58.0,46.915,61.0,46.4,58.0,47.23666666666666
65,20.0,38.681999999999995,53.0,37.52,63.0,40.63
75,13.0,37.803333333333335,8.0,41.758,20.0,43.51
62,54.0,37.61121428571428,61.0,39.6925,69.0,47.87
48,22.0,27.12,22.0,26.36,44.0,34.73
69,0.0,39.10333333333333,49.0,49.61,69.0,53.318571428571424
65,0.0,25.32,27.0,33.05,60.0,36.53
76,0.0,43.81333333333334,16.0,42.5875,49.0,44.839285714285715
78,0.0,38.04166666666667,31.0,40.98,44.0,40.34
69,24.0,34.574,22.0,37.923,64.0,41.19
66,68.0,60.02333333333333,47.0,61.22571428571428,68.0,60.3075
53,2.0,37.39,20.0,42.23,57.0,48.27
74,7.0,41.5,34.0,47.96,34.0,44.65
39,80.0,52.12833333333334,63.0,44.85,78.0,49.99
60,33.0,38.6825,48.0,46.899333333333345,42.0,43.875
48,18.0,29.51,51.0,45.36,48.0,37.21
76,0.0,44.0,50.0,48.01,32.0,39.7375
59,0.0,36.36333333333334,57.0,40.97333333333333,56.0,44.53
72,34.0,33.78,21.0,37.653333333333336,30.0,41.53833333333333
0,61.0,38.42155555555555,35.0,40.586666666666666,19.0,47.53283333333333
61,42.0,40.445,35.0,44.08566666666667,46.0,45.1525
62,0.0,36.475,51.333333333333336,47.31666666666666,48.0,47.25
70,68.0,47.196999999999996,13.0,55.33538095238094,69.0,52.474
82,0.0,42.31833333333333,16.0,45.04583333333334,54.0,38.77
74,52.0,43.02,66.0,44.25,25.0,47.5
73,8.0,56.06666666666667,70.0,56.49666666666666,70.0,55.89
53,48.0,43.46833333333334,37.0,46.695,65.0,49.834833333333336
63,0.0,41.93,70.0,43.83,32.0,44.1
72,59.0,25.563571428571425,64.0,33.46071428571428,29.0,38.45
68,78.0,41.26,13.0,42.04,45.0,44.18
75,33.0,40.97,1.0,39.79,1.0,42.89857142857143
70,57.0,44.615,10.0,45.32441025641027,57.0,47.80233333333334
64,69.0,43.27,54.0,43.54,53.0,45.93
70,57.0,43.629285714285714,83.0,50.571999999999996,69.0,46.566
4,75.0,45.72,66.0,49.73,38.0,50.33
65,9.0,53.37,78.0,54.77027777777777,46.0,53.765
67,47.0,37.1,71.0,46.448,73.0,50.405
60,0.0,37.545,60.0,44.78,49.0,43.96
50,64.0,32.569,27.0,32.4655,30.0,43.00333333333333
67,43.0,33.66,65.0,34.15,32.0,40.58
63,40.0,40.07833333333333,45.0,41.94666666666666,2.0,45.4975
73,45.0,49.65,3.0,50.18,77.0,53.3
79,37.0,38.384,57.0,42.79,27.0,39.4575
69,57.0,33.96666666666667,15.0,41.38,7.0,40.16571428571429
69,0.0,56.52333333333334,12.0,57.3775,72.0,54.23666666666666
76,44.0,41.12666666666666,25.0,42.09583333333334,17.0,41.43333333333334
72,54.0,50.93,40.0,57.64,83.0,51.62
75,73.0,40.52,58.0,42.45,53.0,39.348333333333336
64,0.0,53.46,59.0,52.08166666666666,57.0,55.23
0,4.0,31.89,47.0,41.75,0.0,47.88
60,0.0,39.89,40.0,38.01,33.0,53.23
70,63.0,37.44,73.0,40.013333333333335,33.0,45.18833333333334
75,13.0,37.803333333333335,8.0,41.758,20.0,43.51
78,49.0,39.63,56.0,46.754,39.0,47.46
76,41.0,46.18600000000001,54.0,52.34714285714286,62.0,48.65
70,79.0,38.37333333333333,63.0,42.85,31.0,40.335
74,57.0,56.38666666666667,85.0,53.485,71.0,55.81666666666667
52,64.0,38.906666666666666,36.5,42.028999999999996,44.0,45.5375
74,54.0,41.369,44.0,41.39,20.0,44.51
65,0.0,51.650523809523804,50.0,52.67559523809525,64.0,50.41666666666666
71,55.0,25.6925,3.0,31.58,30.0,31.32
82,54.0,44.7215,40.0,42.89166666666667,25.0,43.16
74,33.0,50.61079365079366,67.0,51.058131868131866,69.0,58.42799999999999
70,0.0,28.205,9.0,32.39,9.0,32.33
69,34.0,48.41666666666667,74.0,52.80299999999999,59.0,51.64
77,6.0,31.35,43.0,42.785,25.0,42.958999999999996
62,58.0,43.33666666666666,37.0,40.73938888888888,41.0,42.28933333333333
66,35.0,42.61,64.0,48.79333333333334,53.0,48.671333333333344
64,65.0,41.59,40.0,44.55,40.0,46.07
63,67.0,37.72,52.0,45.185,2.0,43.51833333333334
78,0.0,44.43,36.0,49.92666666666666,71.0,53.69333333333334
73,43.0,36.57,20.0,42.58,52.0,40.9
58,21.0,25.374000000000002,60.0,43.4575,37.0,39.96
67,3.0,32.33,22.0,37.28,25.0,47.26
72,1.0,37.865,44.0,38.49,18.0,37.46666666666667
78,72.0,44.58583333333333,37.0,47.255476190476195,37.0,50.01
66,48.0,33.18,44.0,38.2625,23.0,40.038000000000004
0,42.0,49.0025,47.0,52.34714285714286,64.0,50.902666666666676
73,0.0,24.37,10.0,31.65,73.0,35.08
85,82.0,59.075,60.0,63.17640476190476,75.0,65.457743006993
77,33.0,33.92,10.0,40.62,6.0,35.41416666666667
76,0.0,39.5475,43.0,38.053333333333335,59.0,40.94515151515152
75,40.0,47.39,72.0,48.03,69.0,53.78
62,73.0,39.89,7.0,47.68,9.0,52.211999999999996
73,0.0,29.54,36.0,41.47,59.0,45.74
75,66.0,54.71333333333333,65.0,55.04057142857143,49.0,54.48799999999999
67,44.0,35.89,22.0,45.55,70.0,44.69333333333334
0,83.0,42.9,61.0,42.266000000000005,48.0,48.165
68,0.0,36.77,34.0,37.81809523809524,56.0,43.09
0,51.0,38.52,35.0,46.79,51.0,44.19333333333333
82,65.0,44.46916666666666,65.0,43.74,24.0,49.12
75,80.0,47.42916666666666,76.0,58.02333333333333,67.0,52.12
0,80.0,28.88666666666667,9.0,28.675,43.0,36.41
0,43.0,29.868000000000002,17.0,27.37,30.0,32.38428571428572
51,66.0,44.946000000000005,66.0,49.77,52.0,48.313833333333335
61,36.0,38.55,50.0,38.61,55.0,43.11933333333334
79,5.0,32.08,68.0,50.2425,46.0,49.16
0,2.0,26.951666666666668,36.0,35.53333333333333,50.0,37.86
0,63.0,38.79,56.0,47.332,37.0,43.83
0,56.0,45.51,61.0,47.01,27.0,47.75466666666667
82,66.0,47.95,70.0,44.28,60.0,47.85
64,27.0,28.656666666666666,44.0,39.867,18.0,37.04
64,48.0,43.33166666666666,76.0,51.35666666666667,22.0,49.98536363636364
66,15.0,36.16833333333333,11.0,50.17,37.0,47.76
78,40.0,42.59,8.0,45.13,57.0,51.21
76,68.0,45.78333333333334,34.0,48.4,34.0,44.904333333333334
50,44.0,30.715,18.0,36.61,26.0,39.85
63,64.0,48.0675,43.0,49.2825,35.0,50.14
79,59.0,44.13726984126984,63.0,40.018,66.0,43.609750000000005
74,77.0,49.209809523809525,7.0,54.05333333333334,3.0,51.55
59,39.0,33.994,34.0,36.635,26.0,42.496
61,17.0,24.93,31.0,27.09,13.0,27.41833333333333
76,30.0,46.52,30.0,48.0,75.0,50.33
68,60.0,30.44,7.0,42.278,69.0,43.45
77,32.0,28.48,48.0,39.4,2.0,35.33
67,27.0,46.526666666666664,72.0,53.45,57.0,50.77
46,40.0,42.425,22.0,45.08,16.0,43.19
60,55.0,43.38133333333333,37.0,46.99,9.0,49.435
58,41.0,37.17,45.0,41.16,32.0,42.19
0,34.0,30.08,52.0,35.84,57.0,41.35666666666666
0,46.0,34.83,38.0,44.07114285714286,46.0,44.73
72,51.0,52.68633333333333,43.0,50.3725,66.5,52.265
53,0.0,35.93,63.0,47.535,63.0,45.14
57,63.0,43.115,17.0,43.31,53.0,45.21
77,17.0,41.36,68.0,47.65,25.0,40.53
82,78.0,47.79916666666666,78.0,52.21166666666667,43.0,51.84366666666666
53,31.0,37.23,48.0,38.205,38.0,42.73
0,38.0,36.675,59.0,41.30316666666667,59.0,41.9
77,57.0,51.04333333333333,43.0,50.44666666666667,77.0,52.51583333333334
62,62.0,30.718333333333334,52.0,33.63166666666667,59.0,39.54666666666667
65,29.0,46.16,72.0,41.0,47.0,42.1
63,50.0,38.26,2.0,40.0275,70.0,39.6
77,65.0,46.243500000000004,29.0,48.626999999999995,3.0,47.34333333333334
74,34.0,43.425,42.0,48.814499999999995,50.0,47.16166666666666
66,31.0,31.127142857142857,31.0,36.02,47.0,43.6
0,0.0,41.64,70.0,59.343333333333334,43.0,56.61166666666666
61,46.0,43.51571428571428,59.0,47.997,62.0,47.433166666666665
63,63.0,44.14,64.0,50.61166666666666,53.0,50.00166666666666
71,75.0,37.53,20.0,32.98,20.0,35.91
62,0.0,44.72166666666667,69.0,44.983999999999995,24.0,40.795
74,40.0,36.90033333333333,48.0,37.69833333333333,27.0,41.16
74,74.0,37.13,50.0,46.535,42.0,40.12
65,68.0,47.65333333333333,3.0,50.0,44.0,45.67
48,50.0,42.89,71.0,44.27,54.0,47.82
64,36.0,39.81,2.0,32.5,27.0,39.96
66,48.0,44.66,63.0,41.97666666666666,43.0,43.4925
69,75.0,39.4,51.0,41.805,29.0,45.69833333333334
71,66.0,55.24427380952381,57.0,52.888999999999996,67.0,54.46857142857143
75,17.0,32.825,28.0,46.405,56.0,44.10333333333334
0,68.0,42.59733333333334,56.0,45.11555555555556,35.0,49.65
74,63.0,35.53904761904762,66.0,38.87166666666667,47.0,36.34666666666667
67,63.0,52.35,3.0,56.94,74.0,54.84
77,69.0,46.885,48.0,47.29,48.0,45.66
55,55.0,42.9875,89.0,45.12866666666667,35.0,45.16133333333333
77,39.0,34.715,44.0,40.54,16.0,39.59661904761904
6,27.0,40.344,14.0,46.01,64.0,45.11366666666667
85,82.0,59.075,60.0,63.17640476190476,75.0,65.457743006993
1,0.0,44.6225,37.0,47.16,75.0,45.62
83,0.0,34.38,57.0,38.47,30.0,39.23
78,11.0,38.03,27.0,37.31,51.0,38.82
0,15.0,34.72,52.0,35.39,41.0,34.59
1,0.0,34.1,59.0,45.5875,17.0,41.09
58,18.0,50.05683333333334,0.0,50.847,21.0,47.0925
88,57.0,38.92,33.0,43.28,44.0,46.69
69,34.0,36.138333333333335,40.0,39.25,36.0,39.57
69,41.0,38.68666666666667,78.0,41.76133333333333,78.0,39.51
77,86.0,46.395,36.0,48.31,31.0,44.6125
68,73.0,48.23,49.0,54.23833333333333,69.0,55.24666666666666
68,43.0,40.434,59.0,43.84,42.0,42.96333333333334
81,55.0,47.495,42.0,46.188,46.0,44.5725
0,0.0,30.00457142857143,40.0,34.425,39.0,35.00940476190476
56,48.0,34.70333333333333,44.0,40.435,44.0,42.0375
74,65.0,30.233333333333334,29.0,33.49,35.0,34.236428571428576
0,0.0,31.11333333333333,33.0,42.95333333333334,33.0,35.54
89,63.0,51.48866666666667,52.0,50.37888888888889,44.0,56.548
68,31.0,40.88166666666667,41.0,44.795,53.0,43.47833333333334
0,42.0,37.95,48.0,40.25333333333334,0.0,38.175
79,64.0,38.305,33.0,41.47,64.0,45.04
84,42.0,39.74,13.0,44.05,15.0,39.95333333333333
73,0.0,37.87,44.0,42.25933333333333,18.0,45.396499999999996
75,57.0,49.66555555555556,57.0,47.408095238095235,54.0,50.24844444444443
64,37.0,32.96,0.0,40.865,67.0,48.105
69,74.0,42.61433333333333,67.0,43.67333333333334,76.0,45.938
71,0.0,24.2,36.0,22.12,9.0,36.86666666666667
54,51.0,43.115,21.0,43.2275,61.0,47.276666666666664
60,64.0,34.3675,12.0,37.17964285714286,75.5,36.185
0,34.0,41.39,40.0,38.53,31.0,42.31
72,27.0,38.901666666666664,7.0,37.0775,34.0,35.86
66,27.0,27.826666666666668,5.0,33.38666666666666,42.0,33.77
68,66.0,42.43600000000001,66.0,46.68,16.0,49.14714285714285
71,62.0,35.18,1.0,40.285,43.0,42.793
0,2.0,43.73433333333333,44.0,43.3645,44.0,45.84583333333333
68,50.0,42.454499999999996,0.0,41.207,51.75,44.88929761904761
81,59.0,54.47857142857143,49.0,56.412857142857135,72.0,60.83214285714286
66,59.0,47.09,45.0,50.4,62.0,48.44
76,39.0,33.994,34.0,36.635,26.0,42.496
84,46.0,34.98916666666666,44.0,41.44833333333334,67.0,42.838
66,31.0,39.963499999999996,75.0,42.06876190476191,40.0,39.9125
68,57.0,43.66,71.0,44.65,71.0,49.52
61,18.0,32.971,8.75,36.0375,21.0,39.244166666666665
76,47.0,31.423000000000002,38.0,32.59833333333333,52.0,35.05466666666667
76,30.0,46.52,30.0,48.0,75.0,50.33
63,68.0,37.9975,8.75,41.251999999999995,25.0,44.01
70,6.0,40.11666666666667,52.0,42.90166666666667,23.0,51.14866666666667
57,61.0,33.412,26.0,37.25,43.0,41.07
70,0.0,36.69,69.0,48.72,41.0,46.46
60,33.0,38.2,67.0,41.5325,33.0,39.57
2,44.0,41.052,66.0,47.895999999999994,44.0,49.935
27,14.0,33.77,23.0,35.645,42.0,38.76
50,60.0,33.18190476190477,45.0,43.17666666666666,27.0,45.00333333333333
0,55.0,29.11,36.0,29.07,31.0,34.17
71,77.0,32.92,34.0,39.98666666666667,34.0,45.58
0,64.0,48.01833333333333,30.0,41.09666666666667,32.0,44.7325
61,38.0,44.68085714285715,35.0,43.77,60.0,45.42
64,29.0,45.66,60.0,50.49166666666667,26.0,56.43
65,9.0,42.77833333333333,9.0,36.817,58.0,38.818357142857145
48,75.0,46.83,40.0,43.01666666666666,31.0,48.40696428571428
61,6.0,27.07,38.0,33.10333333333333,6.0,34.042
59,68.0,33.094166666666666,82.0,43.12,58.0,46.218333333333334
73,2.0,41.58,60.0,44.26,68.0,41.06916666666666
56,14.0,44.35,47.0,43.94,28.0,49.47530303030303
65,0.0,41.20833333333334,52.0,41.72,79.0,45.0
62,40.0,42.98,49.0,43.08,47.0,44.782
72,46.0,40.8,41.0,42.94133333333333,41.0,53.3
61,74.6,55.1145,37.0,52.88732467532467,37.0,52.47619588744588
74,46.0,30.335,6.0,41.01666666666666,40.0,38.3825
76,16.0,42.55871428571429,63.5,46.70833333333333,50.0,48.545
57,21.0,39.21,39.0,41.30333333333334,9.0,42.97916666666666
0,36.0,42.68121212121212,51.0,44.31166666666666,36.0,47.29866666666666
77,49.0,42.33342857142858,53.0,49.9,53.0,51.01
0,6.0,54.43704761904762,20.0,49.85666666666667,40.0,51.9125
69,2.0,30.93,2.0,37.0,29.0,30.881428571428568
66,55.0,34.68666666666667,60.5,39.288000000000004,60.5,37.5
78,74.0,43.805,48.0,44.409,12.0,44.5975
78,29.0,38.82333333333334,27.0,43.115,37.0,43.3725
79,71.0,43.45133333333333,49.0,49.4325,76.0,50.38
78,30.0,35.13,1.0,34.18,59.0,40.1025
0,78.0,45.875,17.0,44.07249999999999,75.0,45.49
79,57.0,39.51,78.0,45.45,31.0,50.24
59,39.0,49.873999999999995,60.0,49.73,91.0,55.7
72,50.0,46.72,44.0,50.47,0.0,53.5
0,33.0,41.23773809523809,68.5,45.01,43.0,48.08666666666666
66,61.5,45.845,57.0,49.69,69.0,51.58
0,54.0,42.88,52.0,45.961499999999994,52.0,46.74
0,59.0,45.86,74.0,51.35,36.0,51.63666666666667
68,38.0,31.198,39.0,37.188,43.0,36.99333333333333
73,20.0,41.59333333333334,52.0,47.73,66.0,48.6
65,71.0,41.185,67.0,51.19,67.0,52.106428571428566
76,0.0,40.04,57.0,35.24,55.0,45.13
67,8.0,40.137,5.0,43.12125,41.0,52.471333333333334
83,55.0,35.25,4.0,43.53,6.0,48.52
57,64.0,42.11,70.0,53.95,70.0,58.25
79,37.0,48.454499999999996,44.0,52.66682539682541,19.0,53.00833333333333
74,50.0,47.61,32.0,48.27,38.0,53.0475
0,32.0,46.64458333333334,31.0,53.69333333333333,33.0,49.83
69,51.0,49.685,34.0,48.22,52.0,47.65333333333333
79,67.0,39.47,55.0,36.042,31.0,46.98
80,38.0,44.34,40.0,45.42,57.0,47.358000000000004
80,37.0,52.058,57.0,51.135,15.0,55.06
78,65.0,53.48204761904763,34.0,57.412769119769116,66.0,62.632043650793655
84,23.0,52.01,52.0,51.59,26.0,49.43
49,31.0,37.87,59.0,45.975,41.0,45.4
72,40.0,47.49333333333334,75.0,48.9375,39.0,49.553999999999995
50,46.75,47.39566666666666,44.333333333333336,47.243619047619056,0.0,48.599916666666665
67,65.0,58.72033333333333,65.0,62.94833333333333,88.0,57.91958333333333
74,16.0,55.51,16.0,54.3165,38.0,55.74133333333333
67,61.0,24.256666666666664,26.0,29.72833333333333,30.0,36.78666666666667
69,31.0,38.91,4.0,36.73570887445888,47.0,41.58833333333334
56,48.0,34.70333333333333,44.0,40.435,44.0,42.0375
0,32.0,29.414666666666665,9.0,39.14397619047619,78.33333333333333,37.45733333333334
45,13.0,33.29,75.0,36.3875,39.0,33.0
71,62.0,44.86600000000001,66.0,44.329499999999996,84.0,45.87333333333333
72,44.0,37.1,5.0,42.4225,69.0,42.88
54,58.0,39.58,52.0,43.99,60.0,44.37
62,52.0,42.87,53.0,43.785,18.0,45.61
72,34.0,40.05,15.0,44.11,66.0,45.86333333333334
61,55.0,33.29,73.0,46.43600000000001,45.0,46.38
66,27.0,28.595166666666664,55.0,37.766714285714286,70.0,44.3875
66,69.0,32.21,23.0,30.146666666666665,8.0,35.25
74,80.0,50.0725,56.0,51.49666666666667,42.0,50.4575
66,51.0,41.10142857142857,34.0,45.82,37.0,45.8
75,47.0,33.69202380952381,55.0,37.276666666666664,45.0,41.185
70,51.0,35.485,32.0,42.013999999999996,63.0,44.041333333333334
80,0.0,38.85916666666667,37.0,38.07,56.0,44.545
62,68.0,48.47083333333334,59.0,45.437777777777775,42.0,47.63833333333333
73,21.0,36.025,3.0,40.23,68.0,43.562
21,70.0,39.224666666666664,52.0,37.29,29.0,40.356
0,49.0,38.1075,58.0,37.54,28.0,39.4975
76,45.0,37.5,45.0,40.63,45.0,39.16
78,25.0,40.79,24.0,40.66,42.0,42.56399999999999
62,6.0,33.114000000000004,83.0,45.92916666666667,43.0,46.1675
0,69.0,32.576,53.0,39.69138888888889,49.0,42.13666666666666
76,2.0,46.131,44.0,41.062,44.0,45.82583333333333
77,63.0,43.50333333333333,33.0,47.61571428571428,80.0,48.8475
50,0.0,43.45,60.0,40.67,62.0,44.89
2,56.0,34.855,48.0,40.8,35.0,43.94
80,67.0,28.15,12.0,37.95,62.0,40.715
64,61.0,38.74333333333333,61.0,40.185,57.0,39.55166666666666
70,6.0,40.11666666666667,52.0,42.90166666666667,23.0,51.14866666666667
0,80.0,44.3635,75.0,38.93142857142857,53.0,44.428000000000004
68,45.0,51.66799999999999,56.0,48.33,39.0,54.13
66,45.0,36.7325,38.0,34.85666666666667,35.0,36.89
72,30.0,39.9775,40.0,39.018499999999996,46.0,47.047666666666665
59,32.0,25.909000000000002,25.0,27.17666666666667,48.0,42.2975
0,32.0,34.900999999999996,52.0,41.75857142857143,54.0,48.29
48,58.0,47.39166666666666,21.0,46.41,0.0,49.591
73,69.0,41.215,34.0,43.306285714285714,47.0,48.73
72,61.0,31.436,48.0,34.62,38.0,42.03
74,45.0,43.13450000000001,39.0,46.76185281385281,44.0,46.50171428571428
66,69.0,59.55625,69.0,57.26466666666666,4.0,54.06
2,52.0,41.7,63.0,43.8,67.0,48.971666666666664
77,39.0,52.53,45.0,49.17,55.0,47.07166666666666
67,64.0,30.28,39.0,32.49,13.0,33.93
61,37.0,38.01,33.0,42.45,61.0,40.71
61,47.0,44.662111111111116,32.0,47.3925,73.0,47.33
82,54.0,57.17,44.0,52.74,64.0,54.0
74,34.0,43.425,42.0,48.814499999999995,50.0,47.16166666666666
73,56.0,45.43333333333333,31.0,44.903333333333336,54.0,46.629121212121206
49,3.0,36.18,3.0,43.72,49.0,57.13333333333333
79,65.0,31.64,65.0,46.2125,57.0,46.69
0,0.0,43.375,30.0,50.551083333333324,55.0,50.49100000000001
58,54.0,42.54066666666667,7.0,41.812,55.0,44.43333333333334
65,32.0,44.26585714285715,7.0,48.026,51.0,45.81399999999999
74,33.0,39.42,16.0,38.50583333333333,50.0,44.225
74,60.0,38.18,30.0,38.47,58.0,42.5365
79,49.0,45.08666666666667,41.0,48.99333333333334,62.0,41.957142857142856
83,49.0,42.37,48.0,44.13,26.0,44.83
69,4.0,49.35088888888888,4.0,51.66266666666667,37.0,54.99690476190475
52,62.0,44.22047619047619,38.0,52.148,20.0,46.219047619047615
0,23.0,41.03833333333333,32.0,42.598333333333336,28.0,45.88
64,50.0,38.302,44.0,41.5925,40.0,41.69
80,43.0,34.282,51.0,37.996,41.0,40.053333333333335
72,34.0,39.64,47.0,36.29666666666667,14.0,37.54266666666667
63,63.0,43.95,36.0,42.56666666666666,59.0,51.597777777777786
70,8.0,29.03,52.0,37.89083333333333,43.0,44.78
81,59.0,47.585,32.0,43.85,63.0,42.57
75,75.0,37.94,69.0,45.04,53.0,44.72
55,22.0,42.4975,55.0,43.7,56.0,42.73
71,19.0,36.12,19.0,44.09,45.0,42.13
66,24.0,30.27690476190476,0.0,41.343333333333334,66.0,46.26166666666667
80,0.0,41.96,40.0,43.76571428571428,48.0,46.22571428571428
70,62.0,37.9575,70.0,37.8925,23.0,44.51
0,50.0,32.815,6.0,45.053999999999995,75.0,49.2675
63,57.0,37.135,56.0,39.41,23.0,42.85857142857143
71,34.0,42.43,81.0,43.09,62.0,42.4
67,63.0,41.09866666666667,7.0,49.43,36.0,49.11
0,2.0,34.06,45.666666666666664,44.04,56.0,44.8
0,59.0,34.8975,41.0,38.17,50.0,41.97
62,13.0,41.36,13.0,39.672,39.0,40.99
53,50.0,40.284,69.0,44.03,69.0,44.00833333333333
53,47.0,40.1,34.0,42.89247619047619,37.0,40.395
0,22.0,48.45,25.0,57.08666666666666,65.0,61.42666666666667
82,71.0,36.77,48.0,35.09,46.0,38.84
81,65.0,44.05,47.0,42.37,74.0,43.41
81,63.0,52.60333333333333,56.5,52.39,24.0,52.19666666666667
77,16.0,41.04600000000001,29.0,44.19,35.0,41.165
73,58.0,46.827777777777776,8.0,47.75,54.0,45.85166666666666
76,36.0,41.18,66.0,54.535,57.0,46.265
78,35.0,38.34,9.0,44.235,77.0,41.79
78,65.0,36.1875,46.0,41.1225,56.0,44.788000000000004
75,77.0,40.05583333333333,6.0,44.92,16.0,44.903999999999996
0,45.0,48.63,3.0,45.81,74.0,44.07
82,0.0,47.23,69.0,50.05,56.0,52.0
84,34.0,43.49,60.0,44.185,56.0,44.81
85,35.0,32.25833333333333,39.0,39.6825,34.0,40.285
66,0.0,45.739238095238086,39.0,51.86588888888888,39.0,49.77892857142856
85,61.0,36.196666666666665,72.0,48.52,50.0,49.2175
69,31.0,38.91,4.0,36.73570887445888,47.0,41.58833333333334
46,8.0,39.906666666666666,8.0,44.81,15.0,41.38
71,77.0,49.42,56.0,46.16666666666666,68.0,48.551428571428566
70,47.0,33.54,44.0,34.54166666666667,16.0,41.70333333333334
49,42.0,46.73083333333334,6.0,44.350500000000004,55.0,45.805
76,67.0,38.75,61.0,50.50333333333334,34.0,42.7725
76,50.0,45.05666666666667,54.0,50.66333333333333,28.0,49.68
65,0.0,38.345,82.0,37.13857142857143,49.0,46.16
62,52.0,42.87,53.0,43.785,18.0,45.61
80,47.5,39.98166666666666,43.5,45.97083333333334,43.5,53.07
76,67.0,39.144,67.0,42.45,55.0,44.81666666666666
33,55.333333333333336,43.47666666666667,53.0,43.46666666666666,16.0,45.01
83,63.0,45.805,27.0,47.57833333333334,80.0,50.25
73,48.5,60.192,68.0,58.04,68.0,54.69083333333334
63,22.0,46.16,63.0,45.86,59.0,39.75107142857143
79,29.0,43.70333333333334,31.0,40.51,48.0,41.34
49,51.0,39.99935714285714,57.0,41.99206349206348,39.0,48.28775396825397
48,57.0,43.71,40.0,42.71388888888889,56.0,47.351111111111116
79,46.0,51.39785714285715,68.0,47.40111111111111,69.0,57.11
72,45.0,40.32,48.0,46.73,5.0,44.52
78,75.0,39.84,46.0,40.1,32.0,40.05
0,78.0,49.96166666666667,55.0,50.9225,52.0,52.633
80,50.0,43.06,44.0,43.04333333333334,7.0,46.48
74,35.0,40.64666666666667,56.0,42.8905,32.0,47.72174999999999
73,40.0,41.67083333333334,40.0,44.128,55.0,47.38
0,82.0,53.08333333333334,70.0,54.20666666666666,61.0,55.12666666666667
79,0.0,42.24,58.0,48.9475,54.0,46.84
73,0.0,45.4875,53.0,44.72,40.0,53.26
0,54.0,37.00666666666667,76.0,36.36083333333333,27.0,42.2475
64,49.0,35.985,57.0,39.34,73.0,45.7925
59,58.0,47.705,73.0,49.26685714285714,9.0,51.6525
69,71.0,59.225,68.0,60.78916666666666,83.0,59.47
72,83.0,38.686571428571426,33.0,42.13,31.0,53.23
76,70.0,53.39333333333334,76.0,51.54277777777777,76.0,60.366067821067816
0,70.0,36.89,30.0,40.4,1.0,44.16
71,39.0,44.132,85.88888888888889,42.77622186147187,11.0,44.08333333333333
71,3.0,43.47,45.0,43.41,71.0,48.4
68,0.0,45.43259523809524,39.0,46.505408008658016,35.0,47.576499999999996
66,45.0,36.7325,38.0,34.85666666666667,35.0,36.89
69,39.0,41.67,56.0,47.30333333333334,40.0,50.295
67,30.0,31.65,22.0,36.15,40.0,37.08333333333333
73,45.0,39.635,31.0,38.15428571428571,63.0,40.17333333333333
77,1.0,39.76,67.0,38.584,1.0,48.32121212121212
77,29.0,37.46333333333334,63.0,33.75,43.0,40.99
64,40.0,39.62833333333333,47.0,41.8,47.0,40.0125
68,75.0,35.01,72.0,33.42,32.0,41.64
74,27.0,36.93,18.0,34.39309523809524,2.0,37.66
74,45.0,43.13450000000001,39.0,46.76185281385281,44.0,46.50171428571428
79,46.0,40.57,45.0,47.79600000000001,61.0,46.085
55,58.0,49.71883333333333,71.0,50.90972222222223,66.0,51.3225
75,15.0,34.806666666666665,69.0,41.10333333333334,15.0,39.7
77,45.0,43.10976190476191,38.0,46.805,67.0,44.64833333333333
74,1.0,40.715,32.0,42.22,35.0,39.54
83,67.0,56.8485,4.0,54.187,73.0,57.39
0,79.0,45.257777777777775,74.0,44.38,79.0,43.86
55,4.0,43.54666666666667,65.0,43.33,37.0,49.027
81,0.0,41.21333333333333,73.0,43.22640476190476,35.0,50.67666666666666
77,47.0,44.662111111111116,32.0,47.3925,73.0,47.33
0,61.0,40.116,66.0,46.96291666666667,66.0,45.662333333333336
66,14.0,42.13,89.0,41.76,67.0,47.42
47,65.0,43.82333333333333,2.0,45.89,63.0,49.800777777777775
68,51.0,33.95,19.0,40.375,1.0,41.21
75,58.0,39.40615384615385,7.0,45.11,36.0,43.81818181818182
76,39.0,39.345,39.0,42.931999999999995,53.0,44.56
0,75.0,39.895,32.0,37.92,37.0,46.48
71,0.0,37.46,33.0,45.35,37.0,44.77
78,61.0,33.76,65.0,38.4,39.0,36.36
67,65.0,47.63333333333333,44.0,47.97,24.0,47.15
64,54.0,42.54066666666667,7.0,41.812,55.0,44.43333333333334
74,51.0,37.67766666666667,76.0,41.578063492063485,35.0,52.753241341991334
0,8.0,38.185,11.0,40.265,60.0,40.44
78,0.0,55.95304545454545,1.0,51.87635714285714,55.0,53.49885281385281
1,27.0,34.87,43.0,42.23,66.0,34.95
71,5.0,29.732857142857142,31.0,42.92,49.0,45.94333333333334
0,34.0,40.215857142857146,53.0,43.761,53.0,44.0625
67,47.0,40.5305,44.0,43.99,53.0,42.67333333333333
0,56.0,31.59,38.0,32.33,54.0,36.98
66,13.0,21.238999999999997,43.0,25.85083333333333,16.0,35.8625
80,74.0,43.65957142857143,61.0,50.556558441558444,27.0,51.46
79,43.0,35.567,18.0,34.5025,47.5,39.975
1,2.0,43.74,4.0,43.11,56.0,44.5725
77,0.0,32.954499999999996,42.0,41.972,48.0,45.34133333333333
55,54.0,37.89833333333333,38.0,44.77133333333333,24.0,46.64047619047619
70,37.0,39.801500000000004,8.0,38.94766666666666,0.0,46.16666666666666
51,59.0,60.75166666666666,71.0,58.94833333333333,76.0,63.74428571428572
0,35.0,44.762,44.0,48.361000000000004,60.0,51.405
84,65.0,53.44,6.0,45.72,40.0,49.48
0,24.0,44.19,31.0,42.64,50.0,45.08
83,75.0,47.63733333333332,37.0,49.123999999999995,71.0,45.51174999999999
1,85.0,44.25,58.0,43.255,34.0,49.37
70,22.0,30.105999999999998,28.0,31.33,22.0,35.66166666666667
72,0.0,35.8525,45.0,38.421,17.0,41.48983333333334
67,55.0,36.89375,4.0,44.27,67.0,47.24166666666666
70,36.0,43.398999999999994,25.0,46.3375,51.0,42.02
75,0.0,47.1425,71.0,48.052,37.0,47.418090909090914
82,28.0,36.745,27.0,34.44333333333333,34.0,40.39
80,74.0,43.65957142857143,61.0,50.556558441558444,27.0,51.46
76,40.0,29.175,20.0,31.4825,18.0,32.63999999999999
86,54.0,51.14666666666666,67.0,46.008,69.0,48.77
67,59.0,41.155,58.0,42.53866666666667,72.0,42.19
77,49.0,33.945,37.0,42.15666666666666,34.0,35.91
68,58.0,42.27,1.0,41.195,41.0,38.57333333333334
0,8.0,45.85,44.0,45.81,44.0,46.715
75,79.0,48.87,79.0,46.21,74.0,50.45
80,46.0,38.94,24.0,43.488,60.0,42.98
74,42.0,33.93333333333334,42.0,37.013333333333335,49.0,43.8
67,33.0,40.23,58.0,43.215,22.0,48.80916666666667
79,50.0,39.829166666666666,53.0,45.297,46.0,47.18
62,67.0,57.6110119047619,64.0,52.95638888888889,67.0,57.26595238095238
51,59.0,51.835,35.0,56.66666666666666,54.0,50.18875
70,76.0,58.5775,80.0,56.95666666666666,50.0,53.2575
0,20.0,40.37,52.0,42.71,25.0,47.365
69,76.0,55.21133333333333,79.0,58.965714285714284,62.0,59.55
65,57.0,40.812333333333335,22.0,44.5375,61.0,48.185
76,14.0,40.91285714285714,30.0,41.78,18.0,45.55
78,55.0,55.32,61.0,53.17863636363636,24.0,57.91
0,41.0,37.36,17.0,36.77233333333333,58.0,41.14928571428572
81,69.0,31.14,32.0,42.16,57.0,37.8675
79,58.0,32.93,70.0,38.89,72.0,50.54
77,37.0,31.331333333333337,43.0,40.24,23.0,37.885000000000005
69,0.0,51.26,59.0,49.931999999999995,62.0,51.14
80,0.0,38.25916666666667,30.0,39.09444444444444,0.0,44.32523809523809
0,68.0,45.901,64.0,51.6325,54.0,48.65133333333333
71,61.0,29.853333333333335,67.0,33.46,39.0,39.99333333333333
73,55.0,45.63,45.0,45.9625,48.0,48.47
69,71.0,59.225,68.0,60.78916666666666,83.0,59.47
74,79.0,48.2,64.0,60.58,77.0,60.156000000000006
64,38.0,45.89633333333333,68.0,46.235,66.0,52.35777777777778
80,0.0,41.45666666666667,21.0,41.93,45.0,46.195
76,70.0,53.39333333333334,76.0,51.54277777777777,76.0,60.366067821067816
0,59.0,53.525,80.0,51.80666666666666,19.0,58.89
57,58.0,53.7,66.0,59.58,63.0,57.75
79,51.0,31.51,0.0,35.29,70.0,44.67
0,5.0,33.03380952380953,64.0,35.805,32.0,37.92016666666667
68,61.0,44.079833333333326,75.0,50.0,30.333333333333332,55.48333333333333
45,45.0,39.635,31.0,38.15428571428571,63.0,40.17333333333333
70,85.0,39.238571428571426,33.0,38.98,18.0,43.91
0,46.0,34.52,60.0,33.81,23.0,38.39
3,51.0,43.225,48.0,48.65,47.0,49.48333333333334
82,0.0,29.67,75.0,29.073333333333334,30.0,42.42
73,51.0,42.095,66.0,45.29333333333334,33.0,44.92
76,71.0,41.71,56.0,51.904666666666664,54.0,48.21333333333334
0,34.0,39.998333333333335,54.0,44.445666666666675,67.0,45.49666666666666
69,41.0,45.47083333333333,15.0,45.36333333333333,30.0,40.185
75,15.0,34.806666666666665,69.0,41.10333333333334,15.0,39.7
79,36.0,38.47,2.0,42.96,62.0,41.455
55,67.0,31.61,34.0,41.08666666666666,59.0,45.94
51,14.0,41.52,37.0,44.06,36.0,42.603
55,47.0,50.53,55.0,50.96,25.0,48.028333333333336
0,61.0,43.95952380952381,86.0,39.83666666666667,67.0,47.94777777777777
75,0.0,44.95833333333333,34.0,46.45,68.0,47.89
63,24.0,28.87,39.0,31.59,23.0,34.396
59,16.0,36.18333333333333,57.0,45.1725,28.0,47.99666666666666
66,77.0,35.803333333333335,63.0,39.765,43.0,46.31916666666667
0,17.0,40.06,57.0,42.25,42.0,44.0075
46,46.0,42.0575,49.0,49.69869047619048,66.0,49.61333333333334
72,75.0,38.895,51.0,39.95,43.0,46.66666666666666
62,43.0,32.6325,38.0,44.57,67.0,43.39
69,55.1,50.4802380952381,31.0,53.41777777777777,55.0,53.59250366300367
0,15.0,46.47,13.0,48.5855,53.0,46.65
0,33.0,41.575,54.0,44.807142857142864,35.0,44.992000000000004
73,35.0,34.71,13.0,35.57,30.0,33.3
0,0.0,30.13,8.0,41.975,47.0,43.755
68,63.0,42.74,51.0,43.75,65.0,46.64666666666666
78,0.0,55.95304545454545,1.0,51.87635714285714,55.0,53.49885281385281
63,62.0,41.48666666666667,27.0,41.79,58.0,41.7
60,58.0,43.49378787878788,35.0,50.0,62.0,48.906000000000006
1,73.0,45.70666666666666,57.0,46.29,53.0,47.91333333333333
0,80.0,46.973333333333336,85.0,52.0285,18.0,57.842888888888886
65,44.0,47.14,63.0,43.33,58.0,47.23
68,18.0,36.57,36.0,46.38,31.0,44.23
62,40.0,41.145,44.0,41.325,64.0,47.333809523809535
77,51.0,51.11,62.0,46.85,50.0,52.69
63,25.0,43.49666666666666,43.0,42.85,39.0,45.07
62,19.0,26.68,69.0,37.4,30.0,40.18
1,52.0,47.145,68.0,53.71666666666666,60.0,49.05333333333334
63,0.0,44.26666666666666,42.0,43.05533333333333,62.0,43.71
53,55.0,46.34,81.0,53.73,45.0,42.11
76,62.0,43.5125,32.0,49.05,49.0,49.1
66,5.0,41.178000000000004,52.0,40.56,73.0,48.24
67,0.0,34.88,57.0,41.675,63.0,47.19333333333333
1,53.0,43.43278571428571,60.0,49.781000000000006,17.0,42.35
0,51.0,39.18,51.0,38.9625,37.0,39.62
79,37.0,45.2675,53.0,41.16,59.0,45.23
74,0.0,32.55,8.0,35.626666666666665,26.0,37.18
84,51.0,56.61162698412701,43.0,60.43433241758242,18.0,56.648670634920634
84,2.0,34.74666666666667,12.0,35.471666666666664,45.0,43.67
0,11.0,44.7525,54.0,43.195,44.0,46.705
79,71.0,55.2,50.0,56.04,43.0,56.26
75,77.0,52.83714285714285,76.0,56.36,33.0,56.28
1,77.0,50.67333333333333,26.0,59.43,37.0,54.43
1,8.0,33.815,7.0,35.89333333333334,62.0,34.54
68,67.0,61.83625,61.0,60.35916666666666,87.0,56.11716666666666
83,45.0,48.60690476190476,42.0,51.61,59.0,51.4
85,0.0,41.25,39.0,46.76333333333334,46.0,53.55
81,33.0,46.71,65.0,44.235,39.0,48.9925
83,48.0,49.238,35.0,50.81333333333334,86.0,58.25
84,33.0,37.18,56.0,32.24,14.0,43.15
79,17.0,49.63666666666666,90.0,50.132,57.0,51.42666666666667
0,48.0,41.09,28.0,46.31,0.0,44.40214285714286
0,38.0,40.5,58.0,43.717333333333336,34.0,47.53
75,46.0,30.42,2.0,33.303333333333335,46.0,41.8575
77,0.0,28.518,45.0,36.87,57.0,40.54333333333334
74,45.0,38.66,45.0,40.19,77.0,47.05
82,67.0,43.17,64.0,45.12166666666666,33.0,47.912
74,90.0,40.00727272727273,42.0,42.37666666666667,30.0,40.06666666666666
0,61.0,45.48,33.0,43.3495,70.0,45.02833333333333
77,2.0,42.864,36.0,46.795,41.0,46.94333333333334
53,54.0,40.69,83.0,46.71,35.0,46.79
1,26.0,51.14,42.0,50.59666666666667,74.0,52.3
75,48.0,41.7,35.0,47.17,49.0,45.28
67,58.0,34.305,57.0,44.4005,0.0,38.5215
0,53.0,42.53166666666666,23.0,41.0925,48.0,39.58
69,68.0,47.17983333333333,3.0,47.96,73.0,51.8
81,67.0,37.61,0.0,41.518166666666666,31.0,47.36
80,78.0,42.575,33.0,45.666000000000004,30.0,47.595
76,67.0,39.144,67.0,42.45,55.0,44.81666666666666
75,51.0,54.99433333333334,65.0,59.92,63.0,60.24333333333333
0,38.0,49.185,18.0,46.63,34.0,48.65333333333333
77,0.0,43.49,68.0,51.62,72.0,47.51
80,18.0,42.24,43.0,44.54,76.0,49.1
58,41.0,39.759952380952384,66.0,42.315,4.0,40.685071428571426
1,45.0,42.83,35.0,45.465,32.0,49.554333333333325
74,81.0,46.75,65.0,30.69,76.0,41.02333333333334
0,5.0,39.0,63.0,46.03,57.0,44.25
69,17.0,41.23982600732601,43.0,42.82333333333334,43.0,46.29
0,52.0,51.416000000000004,88.0,51.839912280701746,59.0,52.3385
62,20.0,30.249166666666664,16.0,39.0425,27.0,39.04
57,2.0,37.98,64.0,40.53,12.0,40.69333333333333
76,1.0,44.56,77.0,44.88666666666667,60.0,48.650000000000006
4,29.0,44.645,23.0,44.985,49.0,51.585
64,21.0,33.94,7.0,39.6725,32.0,39.6
76,13.0,41.949,67.0,41.965,72.0,47.657
70,7.0,59.31,66.0,56.25,26.0,58.98524999999999
51,21.0,44.39714285714286,73.0,39.586666666666666,65.0,47.28
0,85.0,57.56294696969697,91.0,52.39166666666666,67.0,54.87250000000001
0,61.0,44.287333333333336,76.0,50.23,72.0,45.6
83,53.0,38.24,57.0,45.71,41.0,48.05
72,41.0,40.78,21.0,47.75,33.0,41.5
67,59.0,32.43,60.0,41.67,42.0,52.22833333333333
77,47.0,36.9,42.0,47.726111111111116,24.0,42.79942857142857
51,4.0,37.788999999999994,44.0,42.467797619047616,46.0,48.22
0,37.0,37.8,33.0,42.943000000000005,49.0,41.79285714285714
73,61.0,38.95,47.0,41.55,64.0,42.99
67,63.0,49.185,85.0,47.982,50.0,51.16
68,35.0,48.391333333333336,49.0,52.42,51.0,48.76
0,67.0,45.87333333333333,44.0,48.76,44.0,54.07
63,0.0,36.285,58.0,45.095,51.0,43.495
73,2.0,39.59,11.0,37.96,68.0,40.94733333333333
61,43.0,48.715,0.0,44.483666666666664,39.0,48.735
59,23.0,41.5,16.0,40.38,77.0,39.68666666666667
67,0.0,33.42,5.0,35.2,42.0,37.34
57,9.0,43.48,21.0,41.725,27.0,41.225
72,64.0,62.92795238095239,67.0,61.078876068376076,83.0,64.55983838383838
81,47.0,52.398,32.0,55.37,79.0,51.76
77,35.0,36.82,44.0,34.92,19.0,34.15
0,39.0,45.76047619047619,50.0,50.50000000000001,57.0,46.96333333333333
69,68.0,35.5225,56.0,41.98557142857142,49.0,47.82366666666667
57,66.0,39.4,67.0,36.75,38.0,33.625
79,81.0,53.07000000000001,62.0,55.27,5.0,55.06666666666667
64,3.0,51.71516666666666,48.0,53.3,64.0,53.6
64,27.0,33.882,69.0,42.11,40.0,44.18
61,60.0,49.115,81.0,58.36,81.0,62.08
74,68.0,39.505,40.0,36.326,38.0,40.415
47,42.0,42.1775,43.0,40.31,77.0,40.06333333333333
1,2.0,39.92,39.0,45.644,33.0,54.44
0,34.0,42.65566666666667,34.0,44.19333333333333,54.0,46.653333333333336
0,63.0,44.87666666666667,34.0,47.483916666666666,17.0,48.45616666666667
0,0.0,29.39333333333333,38.0,37.34,38.0,42.52
76,27.0,41.466,64.0,41.71,57.0,46.247
71,67.0,44.165,64.0,44.625,67.0,50.375
48,54.0,49.52333333333333,72.0,53.446000000000005,81.0,55.192
0,34.0,48.791333333333334,35.0,49.83666666666666,36.0,51.01833333333333
0,44.0,33.11,6.0,35.3,43.0,33.05
0,71.0,55.875,89.0,66.27333333333334,62.0,66.10333333333332
61,35.0,49.86333333333333,6.0,44.88,63.0,47.005
78,21.0,37.52,53.0,37.398,42.0,44.24
73,74.0,46.47,60.0,48.895,74.0,52.63
71,16.0,30.906666666666666,42.0,34.17633333333333,67.0,44.11875
0,34.5,45.67,81.0,51.06857142857143,8.0,49.675
53,76.0,50.1,21.0,49.41666666666666,58.0,46.3525
68,66.0,46.77,6.0,52.32166666666667,62.0,54.045
78,58.0,53.70833333333333,58.0,51.94,5.0,51.19
8,73.0,51.4675,79.0,54.96278571428571,55.0,55.277
75,53.0,46.24333333333334,76.0,49.29666666666667,44.0,54.69
81,42.0,44.27833333333333,81.0,47.46,41.0,42.76
83,20.0,52.41,69.0,57.84,44.0,54.864
80,64.0,43.24,61.0,47.97,64.0,52.486000000000004
75,48.0,41.09,28.0,46.31,0.0,44.40214285714286
78,58.0,38.27348809523809,17.0,33.97,5.0,37.79833333333333
84,44.0,44.130545454545455,22.0,49.94933333333334,20.0,49.67333333333333
80,52.0,54.699,84.0,60.98,84.0,62.11857142857143
78,83.0,72.51,83.0,78.52,83.0,75.43
79,87.0,49.64,60.0,51.0745,76.0,55.52
82,65.0,52.46833333333334,41.0,55.18,31.0,54.85
77,22.0,37.82,48.0,43.1,40.0,44.185
77,51.0,57.90618181818182,86.0,56.895,73.0,56.74
81,61.0,52.87607142857143,69.0,55.55,42.0,60.67666666666666
73,33.5,44.4655,33.5,44.515,71.0,47.842976190476186
81,62.0,47.47,33.0,52.768571428571434,68.0,48.7
80,8.0,48.94,63.0,49.04,44.0,46.89
76,0.0,43.75,66.0,49.420500000000004,61.0,45.80333333333334
71,38.0,32.9775,52.0,38.125,19.0,39.764
69,57.0,39.4775,28.0,45.18899999999999,55.0,46.315
86,0.0,38.23,57.0,39.18,27.0,49.33
75,66.0,54.80333333333334,69.0,63.67777777777778,57.0,61.375
71,20.0,41.6,60.0,38.94,77.0,45.455
77,33.0,43.208,80.0,40.88055555555556,50.0,45.54
42,3.0,40.62,42.0,48.32,57.0,45.32
80,26.0,56.6,40.0,52.785,58.0,56.94
76,65.0,54.08,65.0,53.57805555555556,60.0,58.52
72,1.0,48.71,62.0,49.278,77.0,55.059444444444445
74,58.0,43.3,50.0,48.87333333333333,31.0,48.22
82,72.0,41.7,51.0,46.89333333333334,56.0,53.96
69,52.0,66.25399999999999,92.0,66.00309523809524,77.0,70.49190476190478
71,66.0,42.52,73.0,41.60666666666667,22.0,37.14666666666667
63,48.0,38.4625,41.0,42.62,14.0,47.72333333333333
58,41.0,39.759952380952384,66.0,42.315,4.0,40.685071428571426
69,61.0,43.285,44.0,38.505,7.0,43.6
71,73.0,48.61333333333333,57.0,49.92,32.0,51.51333333333333
72,1.0,40.57,66.0,53.623999999999995,54.0,51.175
80,0.0,50.37923809523809,1.0,59.57561904761905,70.0,61.862833333333334
69,43.0,45.48,45.0,45.94114285714286,60.0,53.28
64,61.0,55.9525,76.0,59.15142857142857,54.0,58.797666666666665
78,41.0,50.18,54.0,53.7,38.0,55.288999999999994
66,0.0,44.855,48.0,39.93809523809524,38.0,49.87291666666667
67,66.0,42.282333333333334,15.0,33.675000000000004,66.0,37.86
74,21.0,44.05,32.0,46.18,48.0,40.12
82,64.0,41.195,66.0,43.34966666666667,74.0,45.76
78,47.0,47.73,37.0,44.35,33.0,49.42
72,38.0,56.42,79.0,56.97,38.0,54.58333333333334
70,4.0,44.987142857142864,35.0,46.88,54.0,46.36458333333334
65,81.0,68.82,45.0,70.92333333333335,59.0,70.59066666666666
80,64.0,57.425,2.0,51.99833333333333,81.0,56.19916666666667
69,37.0,40.61966666666667,82.6,64.9041111111111,82.6,67.92993181818181
0,43.0,49.29,25.0,51.26666666666667,20.0,48.10333333333333
62,47.0,42.055,54.0,43.05,36.0,48.27333333333333
79,43.0,43.6,30.0,47.96,70.0,48.538000000000004
79,43.0,31.20333333333333,38.0,38.86,25.0,33.26
69,74.0,43.35850000000001,64.0,47.76,33.0,48.83
72,40.0,38.574,15.0,33.695,30.0,37.566
79,54.0,39.9,33.0,40.54,12.0,45.73
70,26.0,38.89,24.0,39.04,38.0,41.784
59,61.0,45.03,61.0,46.8,43.0,47.38
72,0.0,44.547,48.0,45.11041666666667,22.0,48.21264285714285
72,55.0,56.052571428571426,39.0,57.882,61.0,56.28
80,40.0,52.15,60.0,53.07,32.0,51.73
73,30.0,42.985,72.0,47.56666666666666,72.0,47.00333333333334
72,63.0,41.626000000000005,39.0,44.785,73.0,47.62
82,3.0,58.845757575757574,17.0,62.2644642857143,63.0,73.54109090909091
79,40.0,41.32,25.0,41.67,88.0,49.4
67,84.0,42.0685,2.0,42.23,72.4,47.46222222222222
72,13.0,32.6875,66.0,36.005,23.0,41.66966666666667
68,42.0,37.02,31.0,32.74,42.0,42.83
75,2.0,42.501999999999995,50.0,41.33,5.0,49.62833333333333
60,36.0,38.833333333333336,82.0,40.24,8.0,39.88
64,73.0,40.855,35.0,42.37666666666666,0.0,46.16666666666666
1,70.0,45.61238095238095,44.0,48.52,59.0,51.02
75,28.0,42.37,11.0,42.92142857142857,67.0,43.19
62,75.0,51.57833333333333,69.0,53.34333333333334,67.0,55.06666666666666
65,12.0,29.51,3.0,26.53,37.0,32.56
63,66.0,41.92,27.0,44.81583333333333,27.0,44.31399999999999
56,38.0,34.69333333333333,5.0,40.34666666666667,60.0,45.95833333333334
72,61.0,46.00166666666667,31.0,41.324357142857146,56.0,47.593999999999994
71,74.0,57.79666666666667,35.0,59.34890476190476,82.0,56.8
67,62.0,42.735,44.0,47.55333333333334,42.0,48.75
80,85.0,67.12784523809525,85.0,65.92783333333334,83.0,69.80090909090909
74,67.0,38.566,60.0,49.11,3.0,41.35733333333334
71,36.0,48.65,72.0,53.51666666666666,58.0,52.91
72,38.0,25.84,21.0,35.91,71.0,33.04
72,41.0,48.723333333333336,77.0,48.10833333333334,71.0,49.81619047619048
68,37.0,40.89,58.0,42.20166666666666,22.0,47.34
74,39.0,33.355,39.0,37.663000000000004,55.0,34.75683333333333
54,48.0,49.836807692307694,52.0,50.68161391240338,70.0,47.40183333333332
78,61.0,52.83714285714285,41.0,54.02,34.0,55.31583333333334
56,79.0,42.24,77.0,46.656666666666666,77.0,49.20333333333334
75,50.0,46.39138888888888,46.0,43.174,9.0,46.093999999999994
70,63.0,56.26,58.0,57.625,75.0,65.44
81,58.0,41.28666666666666,36.0,46.895,40.0,45.32333333333333
73,59.0,37.473333333333336,58.0,43.00666666666667,29.0,43.10833333333334
73,62.0,37.0225,17.0,45.365,38.0,46.89
73,0.0,37.48166666666666,26.0,46.42,8.0,47.1
77,18.0,39.35,41.0,38.626999999999995,42.0,46.92433333333334
80,45.0,41.04666666666667,39.0,40.25,29.0,44.77
77,70.0,45.8675,64.0,48.35,59.0,48.99
79,63.0,49.62866666666667,33.0,49.13,13.0,56.79
83,32.0,40.7,33.0,42.16333333333334,13.0,44.14
78,29.0,35.33,31.0,41.2925,60.0,39.4
83,11.0,39.77333333333333,27.0,42.47,62.0,45.3
79,51.0,62.77458333333333,67.0,62.74,76.0,61.656666666666666
84,50.0,29.35,67.0,29.65,20.0,39.4775
77,90.0,48.74,39.0,43.57,56.0,47.23666666666666
81,72.0,50.86,56.0,54.71333333333334,27.0,54.83
82,47.0,46.95,39.0,53.75,57.0,49.04
79,60.0,29.543333333333337,1.0,36.75,15.0,37.37
84,71.0,55.835,66.0,58.2275,1.0,60.02625
60,46.0,52.43833333333334,63.0,47.78,31.0,48.65
75,67.0,38.0975,56.0,40.1,44.0,47.598
0,51.0,49.68333333333334,76.0,52.29,41.0,55.733999999999995
77,62.0,51.27,34.0,44.66375,34.0,50.71414285714285
79,83.0,74.58,87.0,74.54,74.0,73.72733333333332
82,3.0,41.26,58.0,41.97,6.0,50.09
1,36.0,34.68266666666666,63.0,37.48,60.0,45.69533333333333
68,40.0,34.595,5.0,33.6,18.0,39.075
75,52.0,46.10583333333334,52.0,48.18,50.0,48.09
63,37.0,41.83033333333333,27.0,42.766000000000005,37.0,39.464
81,62.0,47.47,33.0,52.768571428571434,68.0,48.7
0,77.0,55.54,68.0,49.99,77.0,58.515
80,59.0,41.19333333333334,53.0,40.81833333333333,59.0,40.942
70,0.0,43.75,66.0,49.420500000000004,61.0,45.80333333333334
73,4.0,51.95,52.0,55.41,73.0,50.402
71,0.0,30.09,5.0,35.27,42.0,36.21633333333333
78,41.0,47.18,70.0,47.035,55.0,51.4
69,64.0,43.085,64.0,43.39,26.0,48.23
86,0.0,38.23,57.0,39.18,27.0,49.33
77,32.0,51.72,85.0,56.125,35.0,56.64
76,73.0,57.23,64.0,59.38,48.0,56.70399999999999
78,60.0,46.840714285714284,50.0,44.168166666666664,24.0,50.71
79,48.0,43.93,33.5,44.2875,46.0,47.595
57,31.0,59.07666666666667,75.0,62.90833333333333,75.0,66.156
75,76.0,48.408,20.0,50.86,47.0,50.57333333333333
72,27.0,33.57714285714286,45.0,37.85,36.0,42.96
72,75.0,57.68,83.0,63.9,69.0,62.96
76,34.0,51.16166666666667,88.0,58.32633333333333,66.0,60.184444444444445
71,36.0,55.58,51.0,49.16,23.0,56.02
77,46.0,41.045,48.0,47.61666666666667,49.0,51.5
78,65.0,37.75,62.0,32.91,0.0,29.3
53,68.0,44.0475,52.0,45.34,34.0,51.21948717948719
78,76.0,34.92,32.0,38.82,46.0,38.64
69,31.0,45.435,13.0,47.4175,49.0,45.176
76,48.5,60.06090909090909,66.0,55.913999999999994,79.0,56.072166666666675
65,4.0,39.8275,56.0,41.13666666666667,54.0,42.25
69,87.0,57.22,87.0,58.19666666666667,78.0,60.972222222222214
73,13.0,41.48,67.0,41.32,64.0,51.71
76,67.0,42.855,56.0,49.56333333333333,35.0,53.16166666666667
78,81.0,45.80666666666667,52.0,51.44666666666666,51.0,51.68666666666666
7,54.0,46.906000000000006,54.0,51.01358974358975,4.0,51.515
79,0.0,42.68892857142857,70.0,47.145333333333326,61.0,48.24100000000001
61,57.0,46.47,71.0,49.3525,34.0,52.605
73,38.0,38.39666666666667,37.0,40.22,16.0,44.07333333333333
66,70.0,46.422,36.0,47.791333333333334,30.0,52.785
73,65.0,37.75333333333333,29.0,35.685,18.0,39.26
64,21.0,49.06,73.0,47.86,48.0,50.37
78,4.0,46.635,67.0,46.85857142857143,69.0,51.62
77,84.0,63.15,61.0,53.2275,72.0,58.66
81,34.0,44.58,76.0,52.78666666666666,18.0,54.30571428571429
4,50.0,50.061507936507944,67.0,49.23128571428571,62.0,51.39772727272727
74,47.0,53.91,61.0,52.82333333333333,53.0,52.15
80,66.0,38.8825,34.0,45.56714285714286,56.0,46.1
70,0.0,49.04625,61.0,50.29,36.0,54.58
70,26.0,31.03,66.0,36.35,81.0,42.03
1,54.0,40.86,11.0,47.39,30.0,44.37
72,37.0,37.64,37.0,37.9,37.0,42.47666666666666
69,77.0,53.755,62.0,46.58,55.0,47.58666666666667
75,62.0,48.85,53.0,47.52,36.0,44.10166666666667
35,50.0,38.27,56.0,51.63333333333334,21.0,47.49
64,13.0,47.558261904761906,27.0,46.530166666666666,71.0,43.26414285714285
71,15.0,51.83166666666666,62.0,47.22625,36.0,45.79
1,31.0,41.29,34.0,46.16,34.0,46.51
71,80.0,39.705,48.0,36.62,54.0,46.21
80,70.0,47.04833333333334,70.0,45.45,55.0,44.73833333333333
57,52.0,39.64,51.0,40.36,21.0,41.52
78,59.0,37.78333333333333,36.0,42.9125,7.0,40.192
64,5.0,40.7525,61.0,46.76716666666667,40.0,46.776666666666664
69,46.0,36.848333333333336,26.0,43.131904761904764,38.0,43.667023809523805
75,52.0,51.11333333333334,50.0,45.94,75.0,50.54
69,32.0,50.67166666666667,61.0,51.74030952380953,37.0,49.8015
74,16.0,41.315,77.0,44.71333333333333,23.0,40.31
71,70.0,57.97,70.0,64.805,71.0,60.118
80,40.0,52.15,60.0,53.07,32.0,51.73
64,60.0,33.49590909090909,3.0,38.0,18.0,47.63
2,49.0,29.115,64.0,34.67,31.0,33.49
69,18.0,45.57,8.0,41.37428571428572,56.0,44.855
80,86.0,51.5,78.0,65.54,86.0,66.93
73,62.0,67.98,84.0,68.02444444444444,7.0,70.16061538461538
73,53.0,54.99666666666667,71.0,53.3885,71.0,55.655
57,6.0,46.308,51.0,54.495,65.0,52.2975
71,56.0,55.36,45.0,58.895,75.0,62.58666666666667
63,77.0,44.17,50.0,47.055,33.0,46.23
1,50.0,60.80440476190476,90.0,55.52515151515152,75.0,64.25418181818182
79,28.0,41.64666666666666,51.0,45.36,43.0,45.05
78,46.0,38.49166666666667,13.0,41.64666666666666,63.0,45.72266666666666
69,64.0,39.47,52.0,44.5,61.0,47.23
75,51.0,47.41,63.0,48.7,73.0,50.06399999999999
85,29.0,50.51566666666667,76.0,49.09615909090908,30.0,49.0990202020202
